occurrenceID	scientificName	decimalLatitude	decimalLongitude	accuracy	year	establishmentMeans	occurrenceOrigin	bibliographicCitation	associatedReferences	sourceCitation	associatedSequences	claimExtinction	occurrenceRemarks	confidentialityLevel	contributor
WA1418	Pontastacus leptodactylus	46.63824	21.55498	high	2023	indigenous	native	10.1016/j.gecco.2024.e02847		Ion, M.C., Ács, A.R., Laza, A.V., Lorincz, I., Livadariu, D., Lamoly, A.M., Goia, B., Togor, A., Iorgu, E.I., Ștefan, A., Popa, O.P., Pârvulescu, L. (2024). Conservation status of the idle crayfish Austropotamobius bihariensis Pârvulescu, 2019. Global Ecology and Conservation 50, e02847.			paper dataset: 001	0	Lucian Pârvulescu
WA1419	Pontastacus leptodactylus	46.51627	21.51749	high	2023	indigenous	native	10.1016/j.gecco.2024.e02847		Ion, M.C., Ács, A.R., Laza, A.V., Lorincz, I., Livadariu, D., Lamoly, A.M., Goia, B., Togor, A., Iorgu, E.I., Ștefan, A., Popa, O.P., Pârvulescu, L. (2024). Conservation status of the idle crayfish Austropotamobius bihariensis Pârvulescu, 2019. Global Ecology and Conservation 50, e02847.			paper dataset: 001	0	Lucian Pârvulescu
WA1420	Pontastacus leptodactylus	46.43006	21.96289	high	2023	indigenous	native	10.1016/j.gecco.2024.e02847		Ion, M.C., Ács, A.R., Laza, A.V., Lorincz, I., Livadariu, D., Lamoly, A.M., Goia, B., Togor, A., Iorgu, E.I., Ștefan, A., Popa, O.P., Pârvulescu, L. (2024). Conservation status of the idle crayfish Austropotamobius bihariensis Pârvulescu, 2019. Global Ecology and Conservation 50, e02847.			paper dataset: 001	0	Lucian Pârvulescu
WC0786	Pontastacus leptodactylus	50.76897	4.34719	low	1985	non-indigenous	alien	10.3391/ai.2016.11.2.03		Boets, P., Brosens, D., Lock, K., Adriaens, T., Aelterman, B., Mertens, J., & Goethals, P. (2016). Alien macroinvertebrates in Flanders (Belgium). Aquatic Invasions, 11(2), 131-144.				0	Mihaela C. Ion
WC0787	Pontastacus leptodactylus	50.84557	4.66583	low	1985	non-indigenous	alien	10.3391/ai.2016.11.2.03		Boets, P., Brosens, D., Lock, K., Adriaens, T., Aelterman, B., Mertens, J., & Goethals, P. (2016). Alien macroinvertebrates in Flanders (Belgium). Aquatic Invasions, 11(2), 131-144.				0	Mihaela C. Ion
WC0788	Pontastacus leptodactylus	50.76582	4.43237	low	1985	non-indigenous	alien	10.3391/ai.2016.11.2.03		Boets, P., Brosens, D., Lock, K., Adriaens, T., Aelterman, B., Mertens, J., & Goethals, P. (2016). Alien macroinvertebrates in Flanders (Belgium). Aquatic Invasions, 11(2), 131-144.				0	Mihaela C. Ion
WC0789	Pontastacus leptodactylus	50.77966	4.89987	low	1985	non-indigenous	alien	10.3391/ai.2016.11.2.03		Boets, P., Brosens, D., Lock, K., Adriaens, T., Aelterman, B., Mertens, J., & Goethals, P. (2016). Alien macroinvertebrates in Flanders (Belgium). Aquatic Invasions, 11(2), 131-144.				0	Mihaela C. Ion
WC0790	Pontastacus leptodactylus	48.0000000000897	13.1000003809586	low	1999	indigenous	native		https://www.astacology.org/article.asp?uid=Guest&a=616&t=&type=1	Pöckl, M. (1999). Distribution of crayfish species in Austria with special reference to introduced species. Freshwater Crayfish, 12, 733-750.				0	Mihaela C. Ion
WC0791	Pontastacus leptodactylus	47.9666671749453	13.0833330149225	low	1999	indigenous	native		https://www.astacology.org/article.asp?uid=Guest&a=616&t=&type=1	Pöckl, M. (1999). Distribution of crayfish species in Austria with special reference to introduced species. Freshwater Crayfish, 12, 733-750.				0	Mihaela C. Ion
WC0792	Pontastacus leptodactylus	47.9700012209805	13.1000003809586	low	1999	indigenous	native		https://www.astacology.org/article.asp?uid=Guest&a=616&t=&type=1	Pöckl, M. (1999). Distribution of crayfish species in Austria with special reference to introduced species. Freshwater Crayfish, 12, 733-750.				0	Mihaela C. Ion
WC0793	Pontastacus leptodactylus	47.2666664119295	11.4499998088117	low	1999	indigenous	native		https://www.astacology.org/article.asp?uid=Guest&a=616&t=&type=1	Pöckl, M. (1999). Distribution of crayfish species in Austria with special reference to introduced species. Freshwater Crayfish, 12, 733-750.				0	Mihaela C. Ion
WC0794	Pontastacus leptodactylus	48.2999992371292	14.2899999619485	low	1999	indigenous	native		https://www.astacology.org/article.asp?uid=Guest&a=616&t=&type=1	Pöckl, M. (1999). Distribution of crayfish species in Austria with special reference to introduced species. Freshwater Crayfish, 12, 733-750.				0	Mihaela C. Ion
WC0795	Pontastacus leptodactylus	46.6166648858198	14.2166662219014	low	1999	indigenous	native		https://www.astacology.org/article.asp?uid=Guest&a=616&t=&type=1	Pöckl, M. (1999). Distribution of crayfish species in Austria with special reference to introduced species. Freshwater Crayfish, 12, 733-750.				0	Mihaela C. Ion
WC0796	Pontastacus leptodactylus	48.2166671747797	16.4500007631247	low	1999	indigenous	native		https://www.astacology.org/article.asp?uid=Guest&a=616&t=&type=1	Pöckl, M. (1999). Distribution of crayfish species in Austria with special reference to introduced species. Freshwater Crayfish, 12, 733-750.				0	Mihaela C. Ion
WC0797	Pontastacus leptodactylus	48.3166656489892	15.2333335879979	low	1999	indigenous	native		https://www.astacology.org/article.asp?uid=Guest&a=616&t=&type=1	Pöckl, M. (1999). Distribution of crayfish species in Austria with special reference to introduced species. Freshwater Crayfish, 12, 733-750.				0	Mihaela C. Ion
WC0798	Pontastacus leptodactylus	48.2333335878842	16.2666664121088	low	1999	indigenous	native		https://www.astacology.org/article.asp?uid=Guest&a=616&t=&type=1	Pöckl, M. (1999). Distribution of crayfish species in Austria with special reference to introduced species. Freshwater Crayfish, 12, 733-750.				0	Mihaela C. Ion
WC0799	Pontastacus leptodactylus	47.7000007627481	16.0000000000685	low	1999	indigenous	native		https://www.astacology.org/article.asp?uid=Guest&a=616&t=&type=1	Pöckl, M. (1999). Distribution of crayfish species in Austria with special reference to introduced species. Freshwater Crayfish, 12, 733-750.				0	Mihaela C. Ion
WC0800	Pontastacus leptodactylus	47.6599998471987	15.9499998090836	low	1999	indigenous	native		https://www.astacology.org/article.asp?uid=Guest&a=616&t=&type=1	Pöckl, M. (1999). Distribution of crayfish species in Austria with special reference to introduced species. Freshwater Crayfish, 12, 733-750.				0	Mihaela C. Ion
WC0801	Pontastacus leptodactylus	46.6166648858198	14.2499999999627	low	1999	indigenous	native		https://www.astacology.org/article.asp?uid=Guest&a=616&t=&type=1	Pöckl, M. (1999). Distribution of crayfish species in Austria with special reference to introduced species. Freshwater Crayfish, 12, 733-750.				0	Mihaela C. Ion
WC0802	Pontastacus leptodactylus	47.7833328247562	16.0833339691146	low	1999	indigenous	native		https://www.astacology.org/article.asp?uid=Guest&a=616&t=&type=1	Pöckl, M. (1999). Distribution of crayfish species in Austria with special reference to introduced species. Freshwater Crayfish, 12, 733-750.				0	Mihaela C. Ion
WC0803	Pontastacus leptodactylus	48.3333320622184	16.5166664121239	low	1999	indigenous	native		https://www.astacology.org/article.asp?uid=Guest&a=616&t=&type=1	Pöckl, M. (1999). Distribution of crayfish species in Austria with special reference to introduced species. Freshwater Crayfish, 12, 733-750.				0	Mihaela C. Ion
WC0804	Pontastacus leptodactylus	46.8011093142942	13.5180559161427	low	1999	indigenous	native		https://www.astacology.org/article.asp?uid=Guest&a=616&t=&type=1	Pöckl, M. (1999). Distribution of crayfish species in Austria with special reference to introduced species. Freshwater Crayfish, 12, 733-750.				0	Mihaela C. Ion
WC0805	Pontastacus leptodactylus	47.6500015260629	15.9499998090836	low	1999	indigenous	native		https://www.astacology.org/article.asp?uid=Guest&a=616&t=&type=1	Pöckl, M. (1999). Distribution of crayfish species in Austria with special reference to introduced species. Freshwater Crayfish, 12, 733-750.				0	Mihaela C. Ion
WC0806	Pontastacus leptodactylus	47.7666664122337	16.1000003811399	low	1999	indigenous	native		https://www.astacology.org/article.asp?uid=Guest&a=616&t=&type=1	Pöckl, M. (1999). Distribution of crayfish species in Austria with special reference to introduced species. Freshwater Crayfish, 12, 733-750.				0	Mihaela C. Ion
WC0807	Pontastacus leptodactylus	47.9666671749453	16.2666664121088	low	1999	indigenous	native		https://www.astacology.org/article.asp?uid=Guest&a=616&t=&type=1	Pöckl, M. (1999). Distribution of crayfish species in Austria with special reference to introduced species. Freshwater Crayfish, 12, 733-750.				0	Mihaela C. Ion
WC0808	Pontastacus leptodactylus	47.8666648861504	16.3666667940785	low	1999	indigenous	native		https://www.astacology.org/article.asp?uid=Guest&a=616&t=&type=1	Pöckl, M. (1999). Distribution of crayfish species in Austria with special reference to introduced species. Freshwater Crayfish, 12, 733-750.				0	Mihaela C. Ion
WC0809	Pontastacus leptodactylus	48.1500015262862	16.5833339691448	low	1999	indigenous	native		https://www.astacology.org/article.asp?uid=Guest&a=616&t=&type=1	Pöckl, M. (1999). Distribution of crayfish species in Austria with special reference to introduced species. Freshwater Crayfish, 12, 733-750.				0	Mihaela C. Ion
WC0810	Pontastacus leptodactylus	48.2333335878842	16.2666664121088	low	1999	indigenous	native		https://www.astacology.org/article.asp?uid=Guest&a=616&t=&type=1	Pöckl, M. (1999). Distribution of crayfish species in Austria with special reference to introduced species. Freshwater Crayfish, 12, 733-750.				0	Mihaela C. Ion
WC0811	Pontastacus leptodactylus	47.7999992369756	16.1833324430627	low	1999	indigenous	native		https://www.astacology.org/article.asp?uid=Guest&a=616&t=&type=1	Pöckl, M. (1999). Distribution of crayfish species in Austria with special reference to introduced species. Freshwater Crayfish, 12, 733-750.				0	Mihaela C. Ion
WC0812	Pontastacus leptodactylus	48.2333335878842	16.4333324430778	low	1999	indigenous	native		https://www.astacology.org/article.asp?uid=Guest&a=616&t=&type=1	Pöckl, M. (1999). Distribution of crayfish species in Austria with special reference to introduced species. Freshwater Crayfish, 12, 733-750.				0	Mihaela C. Ion
WC0813	Pontastacus leptodactylus	48.2166671747797	16.2666664121088	low	1999	indigenous	native		https://www.astacology.org/article.asp?uid=Guest&a=616&t=&type=1	Pöckl, M. (1999). Distribution of crayfish species in Austria with special reference to introduced species. Freshwater Crayfish, 12, 733-750.				0	Mihaela C. Ion
WC0814	Pontastacus leptodactylus	48.2333335878842	16.2666664121088	low	1999	indigenous	native		https://www.astacology.org/article.asp?uid=Guest&a=616&t=&type=1	Pöckl, M. (1999). Distribution of crayfish species in Austria with special reference to introduced species. Freshwater Crayfish, 12, 733-750.				0	Mihaela C. Ion
WC0815	Pontastacus leptodactylus	47.7833328247562	16.0000000000685	low	1999	indigenous	native		https://www.astacology.org/article.asp?uid=Guest&a=616&t=&type=1	Pöckl, M. (1999). Distribution of crayfish species in Austria with special reference to introduced species. Freshwater Crayfish, 12, 733-750.				0	Mihaela C. Ion
WC0816	Pontastacus leptodactylus	47.7799987788431	16.0300006870659	low	1999	indigenous	native		https://www.astacology.org/article.asp?uid=Guest&a=616&t=&type=1	Pöckl, M. (1999). Distribution of crayfish species in Austria with special reference to introduced species. Freshwater Crayfish, 12, 733-750.				0	Mihaela C. Ion
WC0817	Pontastacus leptodactylus	47.8166656488816	16.3166675571045	low	1999	indigenous	native		https://www.astacology.org/article.asp?uid=Guest&a=616&t=&type=1	Pöckl, M. (1999). Distribution of crayfish species in Austria with special reference to introduced species. Freshwater Crayfish, 12, 733-750.				0	Mihaela C. Ion
WC0818	Pontastacus leptodactylus	51.22618	3.2148	high	1985	non-indigenous	introduced	10.3391/ai.2016.11.2.03		Boets, P., Brosens, D., Lock, K., Adriaens, T., Aelterman, B., Mertens, J., & Goethals, P. (2016). Alien macroinvertebrates in Flanders (Belgium). Aquatic Invasions, 11(2), 131-144.				0	Mihaela C. Ion
WC0819	Pontastacus leptodactylus	50.76813	4.33276	high	2009	non-indigenous	introduced	10.3391/ai.2016.11.2.03		Boets, P., Brosens, D., Lock, K., Adriaens, T., Aelterman, B., Mertens, J., & Goethals, P. (2016). Alien macroinvertebrates in Flanders (Belgium). Aquatic Invasions, 11(2), 131-144.				0	Mihaela C. Ion
WC0820	Pontastacus leptodactylus	50.7996	4.603	high	2009	non-indigenous	introduced	10.3391/ai.2016.11.2.03		Boets, P., Brosens, D., Lock, K., Adriaens, T., Aelterman, B., Mertens, J., & Goethals, P. (2016). Alien macroinvertebrates in Flanders (Belgium). Aquatic Invasions, 11(2), 131-144.				0	Mihaela C. Ion
WC0821	Pontastacus leptodactylus	51.25386	3.28216	high	2009	non-indigenous	introduced	10.3391/ai.2016.11.2.03		Boets, P., Brosens, D., Lock, K., Adriaens, T., Aelterman, B., Mertens, J., & Goethals, P. (2016). Alien macroinvertebrates in Flanders (Belgium). Aquatic Invasions, 11(2), 131-144.				0	Mihaela C. Ion
WC0822	Pontastacus leptodactylus	51.2908	3.3352	high	2009	non-indigenous	introduced	10.3391/ai.2016.11.2.03		Boets, P., Brosens, D., Lock, K., Adriaens, T., Aelterman, B., Mertens, J., & Goethals, P. (2016). Alien macroinvertebrates in Flanders (Belgium). Aquatic Invasions, 11(2), 131-144.				0	Mihaela C. Ion
WC0823	Pontastacus leptodactylus	50.86223	5.01501	high	2011	non-indigenous	introduced	10.3391/ai.2016.11.2.03		Boets, P., Brosens, D., Lock, K., Adriaens, T., Aelterman, B., Mertens, J., & Goethals, P. (2016). Alien macroinvertebrates in Flanders (Belgium). Aquatic Invasions, 11(2), 131-144.				0	Mihaela C. Ion
WC0824	Pontastacus leptodactylus	50.86222	5.01502	high	2011	non-indigenous	introduced	10.3391/ai.2016.11.2.03		Boets, P., Brosens, D., Lock, K., Adriaens, T., Aelterman, B., Mertens, J., & Goethals, P. (2016). Alien macroinvertebrates in Flanders (Belgium). Aquatic Invasions, 11(2), 131-144.				0	Mihaela C. Ion
WC0825	Pontastacus leptodactylus	35.9300910002352	14.4799339999981	high	2016	non-indigenous	introduced	10.1093/jcbiol/ruy076		Deidun, A., Sciberras, A., Formosa, J., Zava, B., Insacco, G., Corsini-Foka, M., & Crandall, K. A. (2018). Invasion by non-indigenous freshwater decapods of Malta and Sicily, central Mediterranean Sea. Journal of Crustacean Biology, 38(6), 748-753.			Alien	0	Mihaela C. Ion
WC0826	Pontastacus leptodactylus	45.3197749999004	15.5176249998116	high	2018	indigenous	native	10.3391/bir.2020.9.4.13		Dragičević, P., Faller, M., Kutleša, P., & Hudina, S. (2020). Update on the signal crayfish, Pacifastacus leniusculus (Dana, 1852) range expansion in Croatia: a 10-year report. BioInvasions Record, 9(4).				0	Mihaela C. Ion
WC0827	Pontastacus leptodactylus	45.4452230002287	15.5578000003271	high	2018	indigenous	native	10.3391/bir.2020.9.4.13		Dragičević, P., Faller, M., Kutleša, P., & Hudina, S. (2020). Update on the signal crayfish, Pacifastacus leniusculus (Dana, 1852) range expansion in Croatia: a 10-year report. BioInvasions Record, 9(4).				0	Mihaela C. Ion
WC0828	Pontastacus leptodactylus	45.4517359997433	15.5667280002031	high	2018	indigenous	native	10.3391/bir.2020.9.4.13		Dragičević, P., Faller, M., Kutleša, P., & Hudina, S. (2020). Update on the signal crayfish, Pacifastacus leniusculus (Dana, 1852) range expansion in Croatia: a 10-year report. BioInvasions Record, 9(4).				0	Mihaela C. Ion
WC0829	Pontastacus leptodactylus	45.4653739998455	15.5662720000935	high	2018	indigenous	native	10.3391/bir.2020.9.4.13		Dragičević, P., Faller, M., Kutleša, P., & Hudina, S. (2020). Update on the signal crayfish, Pacifastacus leniusculus (Dana, 1852) range expansion in Croatia: a 10-year report. BioInvasions Record, 9(4).				0	Mihaela C. Ion
WC0830	Pontastacus leptodactylus	45.4682470001092	15.5737949998308	high	2018	indigenous	native	10.3391/bir.2020.9.4.13		Dragičević, P., Faller, M., Kutleša, P., & Hudina, S. (2020). Update on the signal crayfish, Pacifastacus leniusculus (Dana, 1852) range expansion in Croatia: a 10-year report. BioInvasions Record, 9(4).				0	Mihaela C. Ion
WC0831	Pontastacus leptodactylus	45.343763369664	15.4910933513199	high	2012	indigenous	native	10.3391/ai.2017.12.1.07		Hudina, S., Kutleša, P., Trgovčić, K., & Duplić, A. (2017). Dynamics of range expansion of the signal crayfish (Pacifastacus leniusculus) in a recently invaded region in Croatia. Aquatic Invasions, 12(1).				0	Mihaela C. Ion
WC0832	Pontastacus leptodactylus	45.3583769538645	15.5017560195691	high	2012	indigenous	native	10.3391/ai.2017.12.1.07		Hudina, S., Kutleša, P., Trgovčić, K., & Duplić, A. (2017). Dynamics of range expansion of the signal crayfish (Pacifastacus leniusculus) in a recently invaded region in Croatia. Aquatic Invasions, 12(1).				0	Mihaela C. Ion
WC0833	Pontastacus leptodactylus	45.3705552683849	15.5205002204735	high	2012	indigenous	native	10.3391/ai.2017.12.1.07		Hudina, S., Kutleša, P., Trgovčić, K., & Duplić, A. (2017). Dynamics of range expansion of the signal crayfish (Pacifastacus leniusculus) in a recently invaded region in Croatia. Aquatic Invasions, 12(1).				0	Mihaela C. Ion
WC0834	Pontastacus leptodactylus	45.4104956725233	15.6110508673384	high	2012	indigenous	native	10.3391/ai.2017.12.1.07		Hudina, S., Kutleša, P., Trgovčić, K., & Duplić, A. (2017). Dynamics of range expansion of the signal crayfish (Pacifastacus leniusculus) in a recently invaded region in Croatia. Aquatic Invasions, 12(1).				0	Mihaela C. Ion
WC0835	Pontastacus leptodactylus	45.4284138439959	15.5637137724375	high	2012	indigenous	native	10.3391/ai.2017.12.1.07		Hudina, S., Kutleša, P., Trgovčić, K., & Duplić, A. (2017). Dynamics of range expansion of the signal crayfish (Pacifastacus leniusculus) in a recently invaded region in Croatia. Aquatic Invasions, 12(1).				0	Mihaela C. Ion
WC0836	Pontastacus leptodactylus	45.3334773948966	15.5119453771732	high	2015	indigenous	native	10.3391/ai.2017.12.1.07		Hudina, S., Kutleša, P., Trgovčić, K., & Duplić, A. (2017). Dynamics of range expansion of the signal crayfish (Pacifastacus leniusculus) in a recently invaded region in Croatia. Aquatic Invasions, 12(1).				0	Mihaela C. Ion
WC0837	Pontastacus leptodactylus	45.4451190902225	15.5052213390496	high	2015	indigenous	native	10.3391/ai.2017.12.1.07		Hudina, S., Kutleša, P., Trgovčić, K., & Duplić, A. (2017). Dynamics of range expansion of the signal crayfish (Pacifastacus leniusculus) in a recently invaded region in Croatia. Aquatic Invasions, 12(1).				0	Mihaela C. Ion
WC0838	Pontastacus leptodactylus	45.4890755500779	15.5637567523323	high	2015	indigenous	native	10.3391/ai.2017.12.1.07		Hudina, S., Kutleša, P., Trgovčić, K., & Duplić, A. (2017). Dynamics of range expansion of the signal crayfish (Pacifastacus leniusculus) in a recently invaded region in Croatia. Aquatic Invasions, 12(1).				0	Mihaela C. Ion
WC0839	Pontastacus leptodactylus	45.4801937021103	15.6669638404902	high	2015	indigenous	native	10.3391/ai.2017.12.1.07		Hudina, S., Kutleša, P., Trgovčić, K., & Duplić, A. (2017). Dynamics of range expansion of the signal crayfish (Pacifastacus leniusculus) in a recently invaded region in Croatia. Aquatic Invasions, 12(1).				0	Mihaela C. Ion
WC0840	Pontastacus leptodactylus	61.0191670001365	27.9544440000981	high	2016	non-indigenous	introduced	10.1051/kmae/2020022		Jussila, J., Maguire, I., Kokko, H., Tiitinen, V., & Makkonen, J. (2020). Narrow-clawed crayfish in Finland: Aphanomyces astaci resistance and genetic relationship to other selected European and Asian populations. Knowledge & Management of Aquatic Ecosystems, (421), 30.				0	Mihaela C. Ion
WC0841	Pontastacus leptodactylus	40.7170000000807	29.8669999997961	high	2011	indigenous	native	10.1051/kmae/2018001		Kokko, H., Harlioglu, M. M., Aydin, H., Makkonen, J., Gökmen, G., Aksu, Ö., & Jussila, J. (2018). Observations of crayfish plague infections in commercially important narrow-clawed crayfish populations in Turkey. Knowledge & Management of Aquatic Ecosystems, (419), 10.				0	Mihaela C. Ion
WC0842	Pontastacus leptodactylus	41.0499999999777	43.233000000309	high	2011	indigenous	native	10.1051/kmae/2018001		Kokko, H., Harlioglu, M. M., Aydin, H., Makkonen, J., Gökmen, G., Aksu, Ö., & Jussila, J. (2018). Observations of crayfish plague infections in commercially important narrow-clawed crayfish populations in Turkey. Knowledge & Management of Aquatic Ecosystems, (419), 10.				0	Mihaela C. Ion
WC0843	Pontastacus leptodactylus	40.8169999998485	26.3169999999409	high	2011	indigenous	native	10.1051/kmae/2018001		Kokko, H., Harlioglu, M. M., Aydin, H., Makkonen, J., Gökmen, G., Aksu, Ö., & Jussila, J. (2018). Observations of crayfish plague infections in commercially important narrow-clawed crayfish populations in Turkey. Knowledge & Management of Aquatic Ecosystems, (419), 10.				0	Mihaela C. Ion
WC0844	Pontastacus leptodactylus	39.1830000000571	33.5499999998713	high	2011	indigenous	native	10.1051/kmae/2018001		Kokko, H., Harlioglu, M. M., Aydin, H., Makkonen, J., Gökmen, G., Aksu, Ö., & Jussila, J. (2018). Observations of crayfish plague infections in commercially important narrow-clawed crayfish populations in Turkey. Knowledge & Management of Aquatic Ecosystems, (419), 10.				0	Mihaela C. Ion
WC0845	Pontastacus leptodactylus	45.4203000000417	15.5845999998486	high	2013	indigenous	native	10.3354/dao02955		Maguire, I., Jelic, M., Klobučar, G., Delpy, M., Delaunay, C. and Grandjean, F. 2016. Prevalence of the pathogen Aphanomyces astaci in freshwater crayfish populations in Croatia. Diseases of Aquatic Organisms. 118(1), 45-53(1), 45-53.				0	Mihaela C. Ion
WC0846	Pontastacus leptodactylus	45.7012999997348	16.1438000002834	high	2013	indigenous	native	10.3354/dao02955		Maguire, I., Jelic, M., Klobučar, G., Delpy, M., Delaunay, C. and Grandjean, F. 2016. Prevalence of the pathogen Aphanomyces astaci in freshwater crayfish populations in Croatia. Diseases of Aquatic Organisms. 118(1), 45-53(1), 45-53.				0	Mihaela C. Ion
WC0847	Pontastacus leptodactylus	45.0791668105487	29.4130559650193	high	2019	indigenous	native	10.1007/s10530-019-02136-0		Pacioglu, O., Theissinger, K., Alexa, A., Samoilă, C., Sîrbu, O. I., Schrimpf, A., ... & Pârvulescu, L. (2020). Multifaceted implications of the competition between native and invasive crayfish: a glimmer of hope for the native’s long-term survival. Biological Invasions, 22(2), 827-842.				0	Mihaela C. Ion
WC0848	Pontastacus leptodactylus	44.459999995219	26.029444410422	high	2019	indigenous	native	10.1007/s10530-019-02136-0		Pacioglu, O., Theissinger, K., Alexa, A., Samoilă, C., Sîrbu, O. I., Schrimpf, A., ... & Pârvulescu, L. (2020). Multifaceted implications of the competition between native and invasive crayfish: a glimmer of hope for the native’s long-term survival. Biological Invasions, 22(2), 827-842.				0	Mihaela C. Ion
WC0849	Pontastacus leptodactylus	44.8162134575077	21.3838611184506	high	2019	indigenous	native	10.1007/s10530-019-02136-0		Pacioglu, O., Theissinger, K., Alexa, A., Samoilă, C., Sîrbu, O. I., Schrimpf, A., ... & Pârvulescu, L. (2020). Multifaceted implications of the competition between native and invasive crayfish: a glimmer of hope for the native’s long-term survival. Biological Invasions, 22(2), 827-842.				0	Mihaela C. Ion
WC0850	Pontastacus leptodactylus	45.7495884239874	21.2348648745601	high	2019	indigenous	native	10.1007/s10530-019-02136-0		Pacioglu, O., Theissinger, K., Alexa, A., Samoilă, C., Sîrbu, O. I., Schrimpf, A., ... & Pârvulescu, L. (2020). Multifaceted implications of the competition between native and invasive crayfish: a glimmer of hope for the native’s long-term survival. Biological Invasions, 22(2), 827-842.				0	Mihaela C. Ion
WC0851	Pontastacus leptodactylus	46.1558334462105	21.3994444919249	high	2019	indigenous	native	10.1007/s10530-019-02136-0		Pacioglu, O., Theissinger, K., Alexa, A., Samoilă, C., Sîrbu, O. I., Schrimpf, A., ... & Pârvulescu, L. (2020). Multifaceted implications of the competition between native and invasive crayfish: a glimmer of hope for the native’s long-term survival. Biological Invasions, 22(2), 827-842.				0	Mihaela C. Ion
WC0852	Pontastacus leptodactylus	46.907459070477	21.6676502606293	high	2019	indigenous	native	10.1007/s10530-019-02136-0		Pacioglu, O., Theissinger, K., Alexa, A., Samoilă, C., Sîrbu, O. I., Schrimpf, A., ... & Pârvulescu, L. (2020). Multifaceted implications of the competition between native and invasive crayfish: a glimmer of hope for the native’s long-term survival. Biological Invasions, 22(2), 827-842.				0	Mihaela C. Ion
WC0853	Pontastacus leptodactylus	45.5170733610621	21.609940986591	high	2019	indigenous	native	10.1007/s10530-019-02136-0		Pacioglu, O., Theissinger, K., Alexa, A., Samoilă, C., Sîrbu, O. I., Schrimpf, A., ... & Pârvulescu, L. (2020). Multifaceted implications of the competition between native and invasive crayfish: a glimmer of hope for the native’s long-term survival. Biological Invasions, 22(2), 827-842.				0	Mihaela C. Ion
WC0854	Pontastacus leptodactylus	45.2247223181165	28.9155557985583	high	2019	indigenous	native	10.1007/s10530-019-02136-0		Pacioglu, O., Theissinger, K., Alexa, A., Samoilă, C., Sîrbu, O. I., Schrimpf, A., ... & Pârvulescu, L. (2020). Multifaceted implications of the competition between native and invasive crayfish: a glimmer of hope for the native’s long-term survival. Biological Invasions, 22(2), 827-842.				0	Mihaela C. Ion
WC0855	Pontastacus leptodactylus	45.2933333813154	28.3822223636232	high	2019	indigenous	native	10.1007/s10530-019-02136-0		Pacioglu, O., Theissinger, K., Alexa, A., Samoilă, C., Sîrbu, O. I., Schrimpf, A., ... & Pârvulescu, L. (2020). Multifaceted implications of the competition between native and invasive crayfish: a glimmer of hope for the native’s long-term survival. Biological Invasions, 22(2), 827-842.				0	Mihaela C. Ion
WC0856	Pontastacus leptodactylus	47.3263888292715	27.5383332833682	high	2019	indigenous	native	10.1007/s10530-019-02136-0		Pacioglu, O., Theissinger, K., Alexa, A., Samoilă, C., Sîrbu, O. I., Schrimpf, A., ... & Pârvulescu, L. (2020). Multifaceted implications of the competition between native and invasive crayfish: a glimmer of hope for the native’s long-term survival. Biological Invasions, 22(2), 827-842.				0	Mihaela C. Ion
WC0857	Pontastacus leptodactylus	45.2269445794327	29.1633336261736	high	2019	indigenous	native	10.1007/s10530-019-02136-0		Pacioglu, O., Theissinger, K., Alexa, A., Samoilă, C., Sîrbu, O. I., Schrimpf, A., ... & Pârvulescu, L. (2020). Multifaceted implications of the competition between native and invasive crayfish: a glimmer of hope for the native’s long-term survival. Biological Invasions, 22(2), 827-842.				0	Mihaela C. Ion
WC0858	Pontastacus leptodactylus	44.6182178813635	22.6416911741057	high	2019	indigenous	native	10.1007/s10530-019-02136-0		Pacioglu, O., Theissinger, K., Alexa, A., Samoilă, C., Sîrbu, O. I., Schrimpf, A., ... & Pârvulescu, L. (2020). Multifaceted implications of the competition between native and invasive crayfish: a glimmer of hope for the native’s long-term survival. Biological Invasions, 22(2), 827-842.				0	Mihaela C. Ion
WC0859	Pontastacus leptodactylus	44.6519458890757	22.5608781175969	high	2019	indigenous	native	10.1007/s10530-019-02136-0		Pacioglu, O., Theissinger, K., Alexa, A., Samoilă, C., Sîrbu, O. I., Schrimpf, A., ... & Pârvulescu, L. (2020). Multifaceted implications of the competition between native and invasive crayfish: a glimmer of hope for the native’s long-term survival. Biological Invasions, 22(2), 827-842.				0	Mihaela C. Ion
WC0860	Pontastacus leptodactylus	44.6340351928869	21.961997437988	high	2019	indigenous	native	10.1007/s10530-019-02136-0		Pacioglu, O., Theissinger, K., Alexa, A., Samoilă, C., Sîrbu, O. I., Schrimpf, A., ... & Pârvulescu, L. (2020). Multifaceted implications of the competition between native and invasive crayfish: a glimmer of hope for the native’s long-term survival. Biological Invasions, 22(2), 827-842.				0	Mihaela C. Ion
WC0861	Pontastacus leptodactylus	44.6888494822379	22.401782237138	high	2019	indigenous	native	10.1007/s10530-019-02136-0		Pacioglu, O., Theissinger, K., Alexa, A., Samoilă, C., Sîrbu, O. I., Schrimpf, A., ... & Pârvulescu, L. (2020). Multifaceted implications of the competition between native and invasive crayfish: a glimmer of hope for the native’s long-term survival. Biological Invasions, 22(2), 827-842.				0	Mihaela C. Ion
WC0862	Pontastacus leptodactylus	44.7690680994624	21.5383140159394	high	2019	indigenous	native	10.1007/s10530-019-02136-0		Pacioglu, O., Theissinger, K., Alexa, A., Samoilă, C., Sîrbu, O. I., Schrimpf, A., ... & Pârvulescu, L. (2020). Multifaceted implications of the competition between native and invasive crayfish: a glimmer of hope for the native’s long-term survival. Biological Invasions, 22(2), 827-842.				0	Mihaela C. Ion
WC0863	Pontastacus leptodactylus	43.9984775454658	22.9338428725032	high	2019	indigenous	native	10.1007/s10530-019-02136-0		Pacioglu, O., Theissinger, K., Alexa, A., Samoilă, C., Sîrbu, O. I., Schrimpf, A., ... & Pârvulescu, L. (2020). Multifaceted implications of the competition between native and invasive crayfish: a glimmer of hope for the native’s long-term survival. Biological Invasions, 22(2), 827-842.				0	Mihaela C. Ion
WC0864	Pontastacus leptodactylus	45.8061111114504	23.9394444432819	high	2019	indigenous	native	10.1007/s10530-019-02136-0		Pacioglu, O., Theissinger, K., Alexa, A., Samoilă, C., Sîrbu, O. I., Schrimpf, A., ... & Pârvulescu, L. (2020). Multifaceted implications of the competition between native and invasive crayfish: a glimmer of hope for the native’s long-term survival. Biological Invasions, 22(2), 827-842.				0	Mihaela C. Ion
WC0865	Pontastacus leptodactylus	45.0116666500508	23.2599999887572	high	2019	indigenous	native	10.1007/s10530-019-02136-0		Pacioglu, O., Theissinger, K., Alexa, A., Samoilă, C., Sîrbu, O. I., Schrimpf, A., ... & Pârvulescu, L. (2020). Multifaceted implications of the competition between native and invasive crayfish: a glimmer of hope for the native’s long-term survival. Biological Invasions, 22(2), 827-842.				0	Mihaela C. Ion
WC0866	Pontastacus leptodactylus	46.963333324978	23.7486111080895	high	2019	indigenous	native	10.1007/s10530-019-02136-0		Pacioglu, O., Theissinger, K., Alexa, A., Samoilă, C., Sîrbu, O. I., Schrimpf, A., ... & Pârvulescu, L. (2020). Multifaceted implications of the competition between native and invasive crayfish: a glimmer of hope for the native’s long-term survival. Biological Invasions, 22(2), 827-842.				0	Mihaela C. Ion
WC0867	Pontastacus leptodactylus	46.9974999954248	24.0133333269031	high	2019	indigenous	native	10.1007/s10530-019-02136-0		Pacioglu, O., Theissinger, K., Alexa, A., Samoilă, C., Sîrbu, O. I., Schrimpf, A., ... & Pârvulescu, L. (2020). Multifaceted implications of the competition between native and invasive crayfish: a glimmer of hope for the native’s long-term survival. Biological Invasions, 22(2), 827-842.				0	Mihaela C. Ion
WC0868	Pontastacus leptodactylus	46.5391666654707	24.1027777784457	high	2019	indigenous	native	10.1007/s10530-019-02136-0		Pacioglu, O., Theissinger, K., Alexa, A., Samoilă, C., Sîrbu, O. I., Schrimpf, A., ... & Pârvulescu, L. (2020). Multifaceted implications of the competition between native and invasive crayfish: a glimmer of hope for the native’s long-term survival. Biological Invasions, 22(2), 827-842.				0	Mihaela C. Ion
WC0869	Pontastacus leptodactylus	44.481388771327	28.4950002402605	high	2019	indigenous	native	10.1007/s10530-019-02136-0		Pacioglu, O., Theissinger, K., Alexa, A., Samoilă, C., Sîrbu, O. I., Schrimpf, A., ... & Pârvulescu, L. (2020). Multifaceted implications of the competition between native and invasive crayfish: a glimmer of hope for the native’s long-term survival. Biological Invasions, 22(2), 827-842.				0	Mihaela C. Ion
WC0870	Pontastacus leptodactylus	44.5538887923433	28.6005558255067	high	2019	indigenous	native	10.1007/s10530-019-02136-0		Pacioglu, O., Theissinger, K., Alexa, A., Samoilă, C., Sîrbu, O. I., Schrimpf, A., ... & Pârvulescu, L. (2020). Multifaceted implications of the competition between native and invasive crayfish: a glimmer of hope for the native’s long-term survival. Biological Invasions, 22(2), 827-842.				0	Mihaela C. Ion
WC0871	Pontastacus leptodactylus	45.546388913872	27.6908333808715	high	2019	indigenous	native	10.1007/s10530-019-02136-0		Pacioglu, O., Theissinger, K., Alexa, A., Samoilă, C., Sîrbu, O. I., Schrimpf, A., ... & Pârvulescu, L. (2020). Multifaceted implications of the competition between native and invasive crayfish: a glimmer of hope for the native’s long-term survival. Biological Invasions, 22(2), 827-842.				0	Mihaela C. Ion
WC0872	Pontastacus leptodactylus	46.3327778005862	27.5599999679965	high	2019	indigenous	native	10.1007/s10530-019-02136-0		Pacioglu, O., Theissinger, K., Alexa, A., Samoilă, C., Sîrbu, O. I., Schrimpf, A., ... & Pârvulescu, L. (2020). Multifaceted implications of the competition between native and invasive crayfish: a glimmer of hope for the native’s long-term survival. Biological Invasions, 22(2), 827-842.				0	Mihaela C. Ion
WC0873	Pontastacus leptodactylus	46.4141666844968	27.5136110745223	high	2019	indigenous	native	10.1007/s10530-019-02136-0		Pacioglu, O., Theissinger, K., Alexa, A., Samoilă, C., Sîrbu, O. I., Schrimpf, A., ... & Pârvulescu, L. (2020). Multifaceted implications of the competition between native and invasive crayfish: a glimmer of hope for the native’s long-term survival. Biological Invasions, 22(2), 827-842.				0	Mihaela C. Ion
WC0874	Pontastacus leptodactylus	47.2880000002597	29.1389999997736	high	2015	indigenous	native	10.1016/j.jip.2018.05.006		Panteleit, J., Keller, N. S., Diéguez-Uribeondo, J., Makkonen, J., Martín-Torrijos, L., Patrulea, V., ... & Pârvulescu, L. (2018). Hidden sites in the distribution of the crayfish plague pathogen Aphanomyces astaci in Eastern Europe: Relicts of genetic groups from older outbreaks?. Journal of invertebrate pathology, 157, 117-124.				0	Mihaela C. Ion
WC0875	Pontastacus leptodactylus	45.0790000001845	29.5299999997721	high	2015	indigenous	native	10.1016/j.jip.2018.05.006		Panteleit, J., Keller, N. S., Diéguez-Uribeondo, J., Makkonen, J., Martín-Torrijos, L., Patrulea, V., ... & Pârvulescu, L. (2018). Hidden sites in the distribution of the crayfish plague pathogen Aphanomyces astaci in Eastern Europe: Relicts of genetic groups from older outbreaks?. Journal of invertebrate pathology, 157, 117-124.				0	Mihaela C. Ion
WC0876	Pontastacus leptodactylus	45.309999999695	29.6699999996728	high	2012	indigenous	native	10.1016/j.jip.2018.05.006		Panteleit, J., Keller, N. S., Diéguez-Uribeondo, J., Makkonen, J., Martín-Torrijos, L., Patrulea, V., ... & Pârvulescu, L. (2018). Hidden sites in the distribution of the crayfish plague pathogen Aphanomyces astaci in Eastern Europe: Relicts of genetic groups from older outbreaks?. Journal of invertebrate pathology, 157, 117-124.				0	Mihaela C. Ion
WC0877	Pontastacus leptodactylus	44.8170000001777	21.3330000000637	high	2015	indigenous	native	10.1016/j.jip.2018.05.006		Panteleit, J., Keller, N. S., Diéguez-Uribeondo, J., Makkonen, J., Martín-Torrijos, L., Patrulea, V., ... & Pârvulescu, L. (2018). Hidden sites in the distribution of the crayfish plague pathogen Aphanomyces astaci in Eastern Europe: Relicts of genetic groups from older outbreaks?. Journal of invertebrate pathology, 157, 117-124.				0	Mihaela C. Ion
WC0878	Pontastacus leptodactylus	41.6541904732269	26.4622980989956	high	2017	indigenous	native	10.1051/kmae/2017042		Perdikaris, C., Konstantinidis, E., Georgiadis, C., & Kouba, A. (2017). Freshwater crayfish distribution update and maps for Greece: combining literature and citizen-science data. Knowledge & Management of Aquatic Ecosystems, (418), 51.				0	Mihaela C. Ion
WC0879	Pontastacus leptodactylus	41.3789880116186	26.6239187080353	high	2017	indigenous	native	10.1051/kmae/2017042		Perdikaris, C., Konstantinidis, E., Georgiadis, C., & Kouba, A. (2017). Freshwater crayfish distribution update and maps for Greece: combining literature and citizen-science data. Knowledge & Management of Aquatic Ecosystems, (418), 51.				0	Mihaela C. Ion
WC0880	Pontastacus leptodactylus	41.3358455625735	26.5076639182606	high	2017	indigenous	native	10.1051/kmae/2017042		Perdikaris, C., Konstantinidis, E., Georgiadis, C., & Kouba, A. (2017). Freshwater crayfish distribution update and maps for Greece: combining literature and citizen-science data. Knowledge & Management of Aquatic Ecosystems, (418), 51.				0	Mihaela C. Ion
WC0881	Pontastacus leptodactylus	41.25631952898	26.330277854425	high	2017	indigenous	native	10.1051/kmae/2017042		Perdikaris, C., Konstantinidis, E., Georgiadis, C., & Kouba, A. (2017). Freshwater crayfish distribution update and maps for Greece: combining literature and citizen-science data. Knowledge & Management of Aquatic Ecosystems, (418), 51.				0	Mihaela C. Ion
WC0882	Pontastacus leptodactylus	41.1863843664623	26.322653955915	high	2017	indigenous	native	10.1051/kmae/2017042		Perdikaris, C., Konstantinidis, E., Georgiadis, C., & Kouba, A. (2017). Freshwater crayfish distribution update and maps for Greece: combining literature and citizen-science data. Knowledge & Management of Aquatic Ecosystems, (418), 51.				0	Mihaela C. Ion
WC0883	Pontastacus leptodactylus	40.7471629322727	26.0652476221651	high	2017	indigenous	native	10.1051/kmae/2017042		Perdikaris, C., Konstantinidis, E., Georgiadis, C., & Kouba, A. (2017). Freshwater crayfish distribution update and maps for Greece: combining literature and citizen-science data. Knowledge & Management of Aquatic Ecosystems, (418), 51.				0	Mihaela C. Ion
WC0884	Pontastacus leptodactylus	41.0810149914405	24.7705811340867	high	2017	non-indigenous	introduced	10.1051/kmae/2017042		Perdikaris, C., Konstantinidis, E., Georgiadis, C., & Kouba, A. (2017). Freshwater crayfish distribution update and maps for Greece: combining literature and citizen-science data. Knowledge & Management of Aquatic Ecosystems, (418), 51.				0	Mihaela C. Ion
WC0885	Pontastacus leptodactylus	40.8110845731888	21.9293700788964	high	2017	non-indigenous	introduced	10.1051/kmae/2017042		Perdikaris, C., Konstantinidis, E., Georgiadis, C., & Kouba, A. (2017). Freshwater crayfish distribution update and maps for Greece: combining literature and citizen-science data. Knowledge & Management of Aquatic Ecosystems, (418), 51.				0	Mihaela C. Ion
WC0886	Pontastacus leptodactylus	40.602179542173	21.5695418321576	high	2017	non-indigenous	introduced	10.1051/kmae/2017042		Perdikaris, C., Konstantinidis, E., Georgiadis, C., & Kouba, A. (2017). Freshwater crayfish distribution update and maps for Greece: combining literature and citizen-science data. Knowledge & Management of Aquatic Ecosystems, (418), 51.				0	Mihaela C. Ion
WC0887	Pontastacus leptodactylus	40.2097365243255	21.9424524438051	high	2017	non-indigenous	introduced	10.1051/kmae/2017042		Perdikaris, C., Konstantinidis, E., Georgiadis, C., & Kouba, A. (2017). Freshwater crayfish distribution update and maps for Greece: combining literature and citizen-science data. Knowledge & Management of Aquatic Ecosystems, (418), 51.				0	Mihaela C. Ion
WC0888	Pontastacus leptodactylus	39.7532938194039	22.419964715207	high	2017	non-indigenous	introduced	10.1051/kmae/2017042		Perdikaris, C., Konstantinidis, E., Georgiadis, C., & Kouba, A. (2017). Freshwater crayfish distribution update and maps for Greece: combining literature and citizen-science data. Knowledge & Management of Aquatic Ecosystems, (418), 51.				0	Mihaela C. Ion
WC0889	Pontastacus leptodactylus	39.6834468209878	22.4384842312891	high	2017	non-indigenous	introduced	10.1051/kmae/2017042		Perdikaris, C., Konstantinidis, E., Georgiadis, C., & Kouba, A. (2017). Freshwater crayfish distribution update and maps for Greece: combining literature and citizen-science data. Knowledge & Management of Aquatic Ecosystems, (418), 51.				0	Mihaela C. Ion
WC0890	Pontastacus leptodactylus	39.6701127144376	20.8864293317491	high	2017	non-indigenous	introduced	10.1051/kmae/2017042		Perdikaris, C., Konstantinidis, E., Georgiadis, C., & Kouba, A. (2017). Freshwater crayfish distribution update and maps for Greece: combining literature and citizen-science data. Knowledge & Management of Aquatic Ecosystems, (418), 51.				0	Mihaela C. Ion
WC0891	Pontastacus leptodactylus	37.9000000002513	30.8999999998908	high	2009	indigenous	native	10.1111/fwb.12315		Svoboda, J., Strand, D. A., Vrålstad, T., Grandjean, F., Edsman, L., Kozák, P., ... & Petrusek, A. (2014). The crayfish plague pathogen can infect freshwater‐inhabiting crabs. Freshwater Biology, 59(5), 918-929.				0	Mihaela C. Ion
WC0892	Pontastacus leptodactylus	49.5380000000358	31.9060000004475	high	2018	indigenous	native	10.5869/fc.2020.v25-1.077		Ungureanu, E., Mojžišová, M., Tangerman, M., Ion, M. C., Pârvulescu, L., & Petrusek, A. (2020). The spatial distribution of Aphanomyces astaci genotypes across Europe: Introducing the first data from Ukraine. Freshwater Crayfish, 25(1).				0	Mihaela C. Ion
WC0893	Pontastacus leptodactylus	50.3989999998718	30.6039999996645	high	2018	indigenous	native	10.5869/fc.2020.v25-1.077		Ungureanu, E., Mojžišová, M., Tangerman, M., Ion, M. C., Pârvulescu, L., & Petrusek, A. (2020). The spatial distribution of Aphanomyces astaci genotypes across Europe: Introducing the first data from Ukraine. Freshwater Crayfish, 25(1).				0	Mihaela C. Ion
WC0894	Pontastacus leptodactylus	45.4203000000417	15.5845999998486	high	2013	indigenous	native	10.3354/dao02955		Maguire, I., Jelic, M., Klobučar, G., Delpy, M., Delaunay, C. and Grandjean, F. 2016. Prevalence of the pathogen Aphanomyces astaci in freshwater crayfish populations in Croatia. Diseases of Aquatic Organisms. 118(1), 45-53(1), 45-53.				0	Mihaela C. Ion
WC0895	Pontastacus leptodactylus	45.7012999997348	16.1438000002834	high	2013	indigenous	native	10.3354/dao02955		Maguire, I., Jelic, M., Klobučar, G., Delpy, M., Delaunay, C. and Grandjean, F. 2016. Prevalence of the pathogen Aphanomyces astaci in freshwater crayfish populations in Croatia. Diseases of Aquatic Organisms. 118(1), 45-53(1), 45-53.				0	Mihaela C. Ion
WC0896	Pontastacus leptodactylus	47.2880000002597	29.1389999997736	high	2015	indigenous	native	10.1016/j.jip.2018.05.006		Panteleit, J., Keller, N. S., Diéguez-Uribeondo, J., Makkonen, J., Martín-Torrijos, L., Patrulea, V., ... & Pârvulescu, L. (2018). Hidden sites in the distribution of the crayfish plague pathogen Aphanomyces astaci in Eastern Europe: Relicts of genetic groups from older outbreaks?. Journal of invertebrate pathology, 157, 117-124.				0	Mihaela C. Ion
WC0897	Pontastacus leptodactylus	45.0790000001845	29.5299999997721	high	2015	indigenous	native	10.1016/j.jip.2018.05.006		Panteleit, J., Keller, N. S., Diéguez-Uribeondo, J., Makkonen, J., Martín-Torrijos, L., Patrulea, V., ... & Pârvulescu, L. (2018). Hidden sites in the distribution of the crayfish plague pathogen Aphanomyces astaci in Eastern Europe: Relicts of genetic groups from older outbreaks?. Journal of invertebrate pathology, 157, 117-124.				0	Mihaela C. Ion
WC0898	Pontastacus leptodactylus	45.309999999695	29.6699999996728	high	2012	indigenous	native	10.1016/j.jip.2018.05.006		Panteleit, J., Keller, N. S., Diéguez-Uribeondo, J., Makkonen, J., Martín-Torrijos, L., Patrulea, V., ... & Pârvulescu, L. (2018). Hidden sites in the distribution of the crayfish plague pathogen Aphanomyces astaci in Eastern Europe: Relicts of genetic groups from older outbreaks?. Journal of invertebrate pathology, 157, 117-124.				0	Mihaela C. Ion
WC0899	Pontastacus leptodactylus	44.8170000001777	21.3330000000637	high	2015	indigenous	native	10.1016/j.jip.2018.05.006		Panteleit, J., Keller, N. S., Diéguez-Uribeondo, J., Makkonen, J., Martín-Torrijos, L., Patrulea, V., ... & Pârvulescu, L. (2018). Hidden sites in the distribution of the crayfish plague pathogen Aphanomyces astaci in Eastern Europe: Relicts of genetic groups from older outbreaks?. Journal of invertebrate pathology, 157, 117-124.				0	Mihaela C. Ion
WC0900	Pontastacus leptodactylus	37.9000000002513	30.8999999998908	high	2009	indigenous	native	10.1111/fwb.12315		Svoboda, J., Strand, D. A., Vrålstad, T., Grandjean, F., Edsman, L., Kozák, P., ... & Petrusek, A. (2014). The crayfish plague pathogen can infect freshwater‐inhabiting crabs. Freshwater Biology, 59(5), 918-929.				0	Mihaela C. Ion
WC0901	Pontastacus leptodactylus	40.7170000000807	29.8669999997961	high	2011	indigenous	native	10.1051/kmae/2018001		Kokko, H., Harlioglu, M. M., Aydin, H., Makkonen, J., Gökmen, G., Aksu, Ö., & Jussila, J. (2018). Observations of crayfish plague infections in commercially important narrow-clawed crayfish populations in Turkey. Knowledge & Management of Aquatic Ecosystems, (419), 10.				0	Mihaela C. Ion
WC0902	Pontastacus leptodactylus	41.0499999999777	43.233000000309	high	2011	indigenous	native	10.1051/kmae/2018001		Kokko, H., Harlioglu, M. M., Aydin, H., Makkonen, J., Gökmen, G., Aksu, Ö., & Jussila, J. (2018). Observations of crayfish plague infections in commercially important narrow-clawed crayfish populations in Turkey. Knowledge & Management of Aquatic Ecosystems, (419), 10.				0	Mihaela C. Ion
WC0903	Pontastacus leptodactylus	40.8169999998485	26.3169999999409	high	2011	indigenous	native	10.1051/kmae/2018001		Kokko, H., Harlioglu, M. M., Aydin, H., Makkonen, J., Gökmen, G., Aksu, Ö., & Jussila, J. (2018). Observations of crayfish plague infections in commercially important narrow-clawed crayfish populations in Turkey. Knowledge & Management of Aquatic Ecosystems, (419), 10.				0	Mihaela C. Ion
WC0904	Pontastacus leptodactylus	39.1830000000571	33.5499999998713	high	2011	indigenous	native	10.1051/kmae/2018001		Kokko, H., Harlioglu, M. M., Aydin, H., Makkonen, J., Gökmen, G., Aksu, Ö., & Jussila, J. (2018). Observations of crayfish plague infections in commercially important narrow-clawed crayfish populations in Turkey. Knowledge & Management of Aquatic Ecosystems, (419), 10.				0	Mihaela C. Ion
WC0905	Pontastacus leptodactylus	49.5380000000358	31.9060000004475	high	2018	indigenous	native	10.5869/fc.2020.v25-1.077		Ungureanu, E., Mojžišová, M., Tangerman, M., Ion, M. C., Pârvulescu, L., & Petrusek, A. (2020). The spatial distribution of Aphanomyces astaci genotypes across Europe: Introducing the first data from Ukraine. Freshwater Crayfish, 25(1).				0	Mihaela C. Ion
WC0906	Pontastacus leptodactylus	50.3989999998718	30.6039999996645	high	2018	indigenous	native	10.5869/fc.2020.v25-1.077		Ungureanu, E., Mojžišová, M., Tangerman, M., Ion, M. C., Pârvulescu, L., & Petrusek, A. (2020). The spatial distribution of Aphanomyces astaci genotypes across Europe: Introducing the first data from Ukraine. Freshwater Crayfish, 25(1).				0	Mihaela C. Ion
WC6645	Pontastacus leptodactylus	45.214677	20.537266	high	2011	indigenous	native	10.5869/fc.2013.v19-2.229		Lipták, B., Vitázková, B., & Stloukal, E. (2013). First record of the spinycheek crayfish (Orconectes limosus) in the Serbo-Romanian Tamiš River. Freshwater Crayfish, 19(2), 229-232.				0	Mihaela C. Ion
WG3605	Pontastacus leptodactylus	44.864	33.878	low	1823	indigenous	native		https://www.marinespecies.org/aphia.php?p=sourceget&id=240382	Eschscholtz, F. F. (1823). Descriptio novae Astacorum speciei Rossicae. Memoires de la Societe Imperiale des Naturalistes du Moscu. 6: 109-110			Astacus leptodactylus Eschscholtz, 1823: 109; pl. 18 (“aquas dulces Tauriae” [= fresh water in Crimea]).	0	Mihaela C. Ion
WG3607	Astacus colchicus	42.13	42.66	low	1876	indigenous	type locality		https://www.marinespecies.org/aphia.php?p=sourceget&id=240800	Kessler, K. (1876). Ein neuer Russischer Flusskrebse Astacus colchicus. Bulletin de la Société Impériale des naturalistes de Moscou. 50: 1-6			Astacus colchicus Kessler, 1876: 2 (“Stromgebiete des Rion” [= Rioni River Basin, Georgia]).	0	Mihaela C. Ion
WG9045	Pontastacus leptodactylus	39.5643888888889	67.3352222222222	high	2021	indigenous	native		https://ib.naskr.kg/live/index.php/journal/article/view/75	Мирабдуллаев, И. М., & Уразова, Р. С. (2021). РЕЧНЫЕ РАКИ–САМЫЕ КРУПНЫЕ БЕСПОЗВОНОЧНЫЕ ЖИВОТНЫЕ УЗБЕКИСТАНА КАК ОБЪЕКТ ПРОМЫСЛА И АКВАКУЛЬТУРЫ. Исследование живой природы Кыргызстана, (2), 122-123.			introduced from Russia in 70s	0	Olga N. Petko
WG9046	Pontastacus leptodactylus	39.6266388888889	67.1945	high	2022	indigenous	native		https://cyberleninka.ru/article/n/rasprostranenie-i-ekologicheskie-gruppy-gidrobiontov-v-biotopah-kanala-mirzaarik	Боймуродов, Х. Т., Юнусов, Х. Б., Суяров, С. А., Ахмедов, Я. А., Иззатуллаев, Х. З., & Баратов, К. У. (2022). РАСПРОСТРАНЕНИЕ И ЭКОЛОГИЧЕСКИЕ ГРУППЫ ГИДРОБИОНТОВ В БИОТОПАХ КАНАЛА МИРЗААРИК. Бюллетень науки и практики, 8(6), 40-53.				0	Olga N. Petko
WG9047	Pontastacus leptodactylus	39.6766111111111	67.1305555555555	high	2022	indigenous	native		https://cyberleninka.ru/article/n/rasprostranenie-i-ekologicheskie-gruppy-gidrobiontov-v-biotopah-kanala-mirzaarik	Боймуродов, Х. Т., Юнусов, Х. Б., Суяров, С. А., Ахмедов, Я. А., Иззатуллаев, Х. З., & Баратов, К. У. (2022). РАСПРОСТРАНЕНИЕ И ЭКОЛОГИЧЕСКИЕ ГРУППЫ ГИДРОБИОНТОВ В БИОТОПАХ КАНАЛА МИРЗААРИК. Бюллетень науки и практики, 8(6), 40-53.				0	Olga N. Petko
WG9048	Pontastacus leptodactylus	39.7886944444444	66.2431944444444	high	2021	indigenous	native		https://ib.naskr.kg/live/index.php/journal/article/view/75	Мирабдуллаев, И. М., & Уразова, Р. С. (2021). РЕЧНЫЕ РАКИ–САМЫЕ КРУПНЫЕ БЕСПОЗВОНОЧНЫЕ ЖИВОТНЫЕ УЗБЕКИСТАНА КАК ОБЪЕКТ ПРОМЫСЛА И АКВАКУЛЬТУРЫ. Исследование живой природы Кыргызстана, (2), 122-123.			introduced from Russia in 70s	0	Olga N. Petko
WG9049	Pontastacus leptodactylus	39.8710277777778	64.8619722222222	high	2021	indigenous	native		https://ib.naskr.kg/live/index.php/journal/article/view/75	Мирабдуллаев, И. М., & Уразова, Р. С. (2021). РЕЧНЫЕ РАКИ–САМЫЕ КРУПНЫЕ БЕСПОЗВОНОЧНЫЕ ЖИВОТНЫЕ УЗБЕКИСТАНА КАК ОБЪЕКТ ПРОМЫСЛА И АКВАКУЛЬТУРЫ. Исследование живой природы Кыргызстана, (2), 122-123.			introduced from Russia in 70s	0	Olga N. Petko
WG9050	Pontastacus leptodactylus	39.9296666666667	64.5788611111111	high	2021	indigenous	native		https://ib.naskr.kg/live/index.php/journal/article/view/75	Мирабдуллаев, И. М., & Уразова, Р. С. (2021). РЕЧНЫЕ РАКИ–САМЫЕ КРУПНЫЕ БЕСПОЗВОНОЧНЫЕ ЖИВОТНЫЕ УЗБЕКИСТАНА КАК ОБЪЕКТ ПРОМЫСЛА И АКВАКУЛЬТУРЫ. Исследование живой природы Кыргызстана, (2), 122-123.				0	Olga N. Petko
WG9052	Pontastacus leptodactylus	40.3331111111111	64.8693888888889	high	2021	indigenous	native		https://ib.naskr.kg/live/index.php/journal/article/view/75	Мирабдуллаев, И. М., & Уразова, Р. С. (2021). РЕЧНЫЕ РАКИ–САМЫЕ КРУПНЫЕ БЕСПОЗВОНОЧНЫЕ ЖИВОТНЫЕ УЗБЕКИСТАНА КАК ОБЪЕКТ ПРОМЫСЛА И АКВАКУЛЬТУРЫ. Исследование живой природы Кыргызстана, (2), 122-123.			introduced from Russia in 70s	0	Olga N. Petko
WG9053	Pontastacus leptodactylus	40.3566388888889	45.3280277777778	high	2018	indigenous	native	10.23859/estr-190513		Гукасян, Э. Х., Мелконян, Г. Ф., Степанян, Л. Г., & Бадалян, Н. С. (2019). Особенности развития популяции длиннопалого рака (Pontastacus leptodactylus Eschscholtz, 1823) в озере Севан в период 1996-2018 гг. Трансформация экосистем, (3), 85-93.			Lake full of endemics. Crayfish appeared recently, perhaps in 90s.	0	Olga N. Petko
WG9054	Pontastacus leptodactylus	40.6194166666667	64.5328055555556	high	2021	indigenous	native		https://ib.naskr.kg/live/index.php/journal/article/view/75	Мирабдуллаев, И. М., & Уразова, Р. С. (2021). РЕЧНЫЕ РАКИ–САМЫЕ КРУПНЫЕ БЕСПОЗВОНОЧНЫЕ ЖИВОТНЫЕ УЗБЕКИСТАНА КАК ОБЪЕКТ ПРОМЫСЛА И АКВАКУЛЬТУРЫ. Исследование живой природы Кыргызстана, (2), 122-123.			introduced from Russia in 70s	0	Olga N. Petko
WG9056	Pontastacus leptodactylus	41.8822222222222	48.4788333333333	high	2000	indigenous	native		https://static.freereferats.ru/_avtoreferats/01002636532.pdf?ver=8	Абдулгалимова, Т. А. (2004). Высшие ракообразные (Malacostraca) пресных водоемов Дагестана (Doctoral dissertation, Автореф. дис.… канд. биол. наук).				0	Olga N. Petko
WG9058	Pontastacus pachypus	42.2474722222222	52.4400833333333	high	2016	indigenous	native		https://elibrary.ru/item.asp?id=27547196	Ушивцев, В. Б. (2016). Особенности распространения популяций раков (Crustacea, Decapoda, Astacidae) на восточном шельфе Каспийского моря в период с 1915 по 2016 гг. In Морские биологические исследования: достижения и перспективы (pp. 313-316).				0	Olga N. Petko
WG9061	Pontastacus pachypus	43.1293055555556	51.4117222222222	high	2016	indigenous	native		https://elibrary.ru/item.asp?id=27547196	Ушивцев, В. Б. (2016). Особенности распространения популяций раков (Crustacea, Decapoda, Astacidae) на восточном шельфе Каспийского моря в период с 1915 по 2016 гг. In Морские биологические исследования: достижения и перспективы (pp. 313-316).				0	Olga N. Petko
WG9062	Pontastacus leptodactylus	43.5358055555556	47.4416111111111	high	2001	indigenous	native		https://static.freereferats.ru/_avtoreferats/01002636532.pdf?ver=8	Абдулгалимова, Т. А. (2004). Высшие ракообразные (Malacostraca) пресных водоемов Дагестана (Doctoral dissertation, Автореф. дис.… канд. биол. наук).				0	Olga N. Petko
WG9064	Pontastacus pachypus	43.6197777777778	51.1640555555556	high	2016	indigenous	native		https://elibrary.ru/item.asp?id=27547196	Ушивцев, В. Б. (2016). Особенности распространения популяций раков (Crustacea, Decapoda, Astacidae) на восточном шельфе Каспийского моря в период с 1915 по 2016 гг. In Морские биологические исследования: достижения и перспективы (pp. 313-316).				0	Olga N. Petko
WG9065	Pontastacus leptodactylus	43.6921944444444	47.3561388888889	low	2001	indigenous	native		https://static.freereferats.ru/_avtoreferats/01002636532.pdf?ver=8	Абдулгалимова, Т. А. (2004). Высшие ракообразные (Malacostraca) пресных водоемов Дагестана (Doctoral dissertation, Автореф. дис.… канд. биол. наук).				0	Olga N. Petko
WG9066	Pontastacus leptodactylus	43.8272222222222	47.2574166666667	low	2001	indigenous	native		https://static.freereferats.ru/_avtoreferats/01002636532.pdf?ver=8	Абдулгалимова, Т. А. (2004). Высшие ракообразные (Malacostraca) пресных водоемов Дагестана (Doctoral dissertation, Автореф. дис.… канд. биол. наук).				0	Olga N. Petko
WG9067	Pontastacus leptodactylus	44.2946111111111	46.7903333333333	low	2001	indigenous	native		https://static.freereferats.ru/_avtoreferats/01002636532.pdf?ver=8	Абдулгалимова, Т. А. (2004). Высшие ракообразные (Malacostraca) пресных водоемов Дагестана (Doctoral dissertation, Автореф. дис.… канд. биол. наук).				0	Olga N. Petko
WG9069	Pontastacus pachypus	44.5928055555556	50.2599166666667	high	2016	indigenous	native		https://elibrary.ru/item.asp?id=27547196	Ушивцев, В. Б. (2016). Особенности распространения популяций раков (Crustacea, Decapoda, Astacidae) на восточном шельфе Каспийского моря в период с 1915 по 2016 гг. In Морские биологические исследования: достижения и перспективы (pp. 313-316).				0	Olga N. Petko
WG9070	Pontastacus cubanicus	45.8473888888889	38.1376388888889	low	2020	indigenous	native		https://elibrary.ru/item.asp?id=44019723	Саенко, Е. М., & Марченко, А. О. (2020). РЕЗУЛЬТАТЫ ИССЛЕДОВАНИЯ СОСТОЯНИЯ ПОПУЛЯЦИИ РАКОВ В АХТАРСКО-ГРИВЕНСКИХ ЛИМАНАХ В 2020 ГОДУ. In Промысловые беспозвоночные (pp. 68-72).			the whole group of coastal salt lakes	0	Olga N. Petko
WG9071	Pontastacus cubanicus	46.3944444444444	42.5744444444444	high	2018	indigenous	native		http://hdl.handle.net/1834/16189	Glushko, E. Y. (2019). Results of investigation of the crayfish populations in the water bodies of the Rostov Region in 2017–2018.				0	Olga N. Petko
WG9072	Pontastacus pachypus	46.6107222222222	48.5633333333333	low	2015	indigenous	native		https://elibrary.ru/item.asp?id=26031872	Кузьняткина, А. А., Абдошова, М. М., & Джунусова, Г. Г. (2016). ПИТАНИЕ ЩУКИ В РЕКЕ КИГАШ. In Проблемы развития современной науки (pp. 28-29).				0	Olga N. Petko
WG9073	Pontastacus cubanicus	47.0601666666667	41.0787222222222	high	2022	indigenous	native		https://elibrary.ru/item.asp?id=53844882	Саенко, Е. М., & Котов, С. В. (2023). Результаты исследований состояния популяций раков Веселовского водохранилища Ростовской области. In Инновационные направления интеграции науки, образования и производства (pp. 491-495).				0	Olga N. Petko
WG9074	Pontastacus cubanicus	47.1083333333333	40.9130555555556	high	2018	indigenous	native		http://hdl.handle.net/1834/16189	Glushko, E. Y. (2019). Results of investigation of the crayfish populations in the water bodies of the Rostov Region in 2017–2018.				0	Olga N. Petko
WG9075	Pontastacus cubanicus	47.1952777777778	40.5338888888889	high	2018	indigenous	native		http://hdl.handle.net/1834/16189	Glushko, E. Y. (2019). Results of investigation of the crayfish populations in the water bodies of the Rostov Region in 2017–2018.				0	Olga N. Petko
WG9076	Pontastacus cubanicus	47.3511388888889	42.1599166666667	low	2018	indigenous	native		http://hdl.handle.net/1834/16189	Glushko, E. Y. (2019). Results of investigation of the crayfish populations in the water bodies of the Rostov Region in 2017–2018.			river Sal's basin	0	Olga N. Petko
WG9077	Pontastacus leptodactylus	47.4115833333333	46.9808333333333	low	2020	indigenous	native		https://cyberleninka.ru/article/n/indikatornyy-podhod-v-kachestvennoy-otsenke-sostoyaniya-zapasa-dlinnopalogo-raka-v-reke-volga-i-eyo-vodotokah-astrahanskaya-oblast	Сафаралиев, И. А., Барабанов, В. В., & Мазникова, О. А. (2023). Индикаторный подход в качественной оценке состояния запаса длиннопалого рака в реке Волга и её водотоках (Астраханская область). Труды ВНИРО, 191, 25-36.				0	Olga N. Petko
WG9078	Pontastacus leptodactylus	48.0134444444444	83.8609166666667	high	2006	indigenous	native		https://elibrary.ru/item.asp?id=27440131	Кириченко, О. И., & Ануарбеков, С. М. (2016). Состояние биоразнообразия водоемов иртышского бассейна и влияние чужеродных видов на экосистему. Евразийский Союз Ученых, (4-4 (25)), 112-116.			Alien	0	Olga N. Petko
WG9079	Pontastacus leptodactylus	48.4481111111111	83.4536111111111	high	2015	indigenous	native		https://cyberleninka.ru/article/n/uzkopalye-rechnye-raki-astacus-leptodactylus-v-pitanii-hohotuni-larus-cachinnans-v-nizovyah-buhtarmy	Березовиков, Н. Н. (2019). Узкопалые речные раки Astacus leptodactylus в питании хохотуньи Larus cachinnans в низовьях Бухтармы. Русский орнитологический журнал, 28(1778), 2558-2560.			introduced in the past 20 years, no exact date	0	Olga N. Petko
WG9080	Pontastacus leptodactylus	48.4748611111111	83.45325	high	2006	indigenous	native		https://elibrary.ru/item.asp?id=27440131	Кириченко, О. И., & Ануарбеков, С. М. (2016). Состояние биоразнообразия водоемов иртышского бассейна и влияние чужеродных видов на экосистему. Евразийский Союз Ученых, (4-4 (25)), 112-116.			Alien	0	Olga N. Petko
WG9081	Pontastacus leptodactylus	48.9773888888889	23.9861666666667	high	2012	indigenous	native	DOI 10.2478/vzoo-2013-0020		Kostyuk, V. S., Garbar, A. V., & Mezhzherin, S. V. (2013). Karyotypes and morphological variability of crayfish Pontastacus leptodactylus and P. angulosus (Malacostraca, Decapoda). Вестник зоологии, (47,№ 3), 205-210.				0	Olga N. Petko
WG9082	Pontastacus leptodactylus	49.0801666666667	24.7971666666667	high	2012	indigenous	native	DOI 10.2478/vzoo-2013-0020		Kostyuk, V. S., Garbar, A. V., & Mezhzherin, S. V. (2013). Karyotypes and morphological variability of crayfish Pontastacus leptodactylus and P. angulosus (Malacostraca, Decapoda). Вестник зоологии, (47,№ 3), 205-210.			Pontastacus angulosus	0	Olga N. Petko
WG9083	Pontastacus leptodactylus	49.2303333333333	24.67375	high	2012	indigenous	native	DOI 10.2478/vzoo-2013-0020		Kostyuk, V. S., Garbar, A. V., & Mezhzherin, S. V. (2013). Karyotypes and morphological variability of crayfish Pontastacus leptodactylus and P. angulosus (Malacostraca, Decapoda). Вестник зоологии, (47,№ 3), 205-210.			Pontastacus angulosus	0	Olga N. Petko
WG9084	Pontastacus leptodactylus	49.2311666666667	28.4822222222222	high	2012	indigenous	native	DOI 10.2478/vzoo-2013-0020		Kostyuk, V. S., Garbar, A. V., & Mezhzherin, S. V. (2013). Karyotypes and morphological variability of crayfish Pontastacus leptodactylus and P. angulosus (Malacostraca, Decapoda). Вестник зоологии, (47,№ 3), 205-210.				0	Olga N. Petko
WG9085	Pontastacus leptodactylus	49.3935555555556	63.3280833333333	low	2019	indigenous	native		https://repo.kspi.kz/handle/123456789/3813	Брагина, Т. М., & Бойко, И. А. (2020). Анализ динамики рекомендованного промысла речного рака в Костанайской области.				0	Olga N. Petko
WG9086	Pontastacus leptodactylus	49.5883611111111	36.3545277777778	high	2012	indigenous	native		http://nbuv.gov.ua/UJRN/VKhb_2012_1035_16_17	Сидоровский, С. А. (2012). Фауна ракообразных (Crustacea) и коловраток (Rotifera) НПП Гомольшанские леса. Вісник Харківського національного університету імені ВН Каразіна. Серія: Біологія, (16), 105-109.				0	Olga N. Petko
WG9088	Pontastacus leptodactylus	49.6698611111111	83.2226666666667	high	2015	indigenous	native		https://cyberleninka.ru/article/n/uzkopalye-rechnye-raki-astacus-leptodactylus-v-pitanii-hohotuni-larus-cachinnans-v-nizovyah-buhtarmy	Березовиков, Н. Н. (2019). Узкопалые речные раки Astacus leptodactylus в питании хохотуньи Larus cachinnans в низовьях Бухтармы. Русский орнитологический журнал, 28(1778), 2558-2560.			introduced in the past 20 years, no exact date	0	Olga N. Petko
WG9089	Pontastacus leptodactylus	49.7030555555556	62.6800277777778	low	2019	indigenous	native		https://repo.kspi.kz/handle/123456789/3813	Брагина, Т. М., & Бойко, И. А. (2020). Анализ динамики рекомендованного промысла речного рака в Костанайской области.				0	Olga N. Petko
WG9090	Pontastacus leptodactylus	49.7386111111111	84.2719444444444	high	2015	indigenous	native		https://cyberleninka.ru/article/n/uzkopalye-rechnye-raki-astacus-leptodactylus-v-pitanii-hohotuni-larus-cachinnans-v-nizovyah-buhtarmy	Березовиков, Н. Н. (2019). Узкопалые речные раки Astacus leptodactylus в питании хохотуньи Larus cachinnans в низовьях Бухтармы. Русский орнитологический журнал, 28(1778), 2558-2560.			the exact year the species was brought into the lake	0	Olga N. Petko
WG9091	Pontastacus leptodactylus	49.8499166666667	64.5114444444445	low	2019	indigenous	native		https://repo.kspi.kz/handle/123456789/3813	Брагина, Т. М., & Бойко, И. А. (2020). Анализ динамики рекомендованного промысла речного рака в Костанайской области.				0	Olga N. Petko
WG9092	Pontastacus cubanicus	49.9845	40.8364722222222	low	2018	indigenous	native		http://hdl.handle.net/1834/16189	Glushko, E. Y. (2019). Results of investigation of the crayfish populations in the water bodies of the Rostov Region in 2017–2018.			the whole river Don including water bodies of the flood plain	0	Olga N. Petko
WG9093	Pontastacus leptodactylus	50.0133611111111	26.0297777777778	high	2012	indigenous	native	DOI 10.2478/vzoo-2013-0020		Kostyuk, V. S., Garbar, A. V., & Mezhzherin, S. V. (2013). Karyotypes and morphological variability of crayfish Pontastacus leptodactylus and P. angulosus (Malacostraca, Decapoda). Вестник зоологии, (47,№ 3), 205-210.			Pontastacus angulosus	0	Olga N. Petko
WG9095	Pontastacus leptodactylus	50.1088055555556	25.6391666666667	high	2012	indigenous	native	DOI 10.2478/vzoo-2013-0020		Kostyuk, V. S., Garbar, A. V., & Mezhzherin, S. V. (2013). Karyotypes and morphological variability of crayfish Pontastacus leptodactylus and P. angulosus (Malacostraca, Decapoda). Вестник зоологии, (47,№ 3), 205-210.			Pontastacus angulosus	0	Olga N. Petko
WG9096	Pontastacus leptodactylus	50.2285	66.8944444444444	low	2019	indigenous	native		https://repo.kspi.kz/handle/123456789/3813	Брагина, Т. М., & Бойко, И. А. (2020). Анализ динамики рекомендованного промысла речного рака в Костанайской области.				0	Olga N. Petko
WG9097	Pontastacus leptodactylus	50.2444444444444	66.9888888888889	high	2019	indigenous	native		https://repo.kspi.kz/handle/123456789/3813	Брагина, Т. М., & Бойко, И. А. (2020). Анализ динамики рекомендованного промысла речного рака в Костанайской области.				0	Olga N. Petko
WG9098	Pontastacus leptodactylus	50.3029722222222	81.4615	high	2015	indigenous	native		https://cyberleninka.ru/article/n/uzkopalye-rechnye-raki-astacus-leptodactylus-v-pitanii-hohotuni-larus-cachinnans-v-nizovyah-buhtarmy	Березовиков, Н. Н. (2019). Узкопалые речные раки Astacus leptodactylus в питании хохотуньи Larus cachinnans в низовьях Бухтармы. Русский орнитологический журнал, 28(1778), 2558-2560.			introduced in the past 20 years, no exact date	0	Olga N. Petko
WG9099	Pontastacus leptodactylus	50.3029722222222	81.4615	high	2006	indigenous	native		https://elibrary.ru/item.asp?id=27440131	Кириченко, О. И., & Ануарбеков, С. М. (2016). Состояние биоразнообразия водоемов иртышского бассейна и влияние чужеродных видов на экосистему. Евразийский Союз Ученых, (4-4 (25)), 112-116.			Alien	0	Olga N. Petko
WG9100	Pontastacus leptodactylus	50.6680555555556	37.7587222222222	low	2007	indigenous	native		http://seriesbiology.univer.kharkov.ua/ukr/19(2014)/pdf/41.pdf	Сидоровский, С. А. (2014). Фауна ракообразных (Crustacea) НПП Двуречанский, Харьковская область. Вісник Харківського національного університету імені ВН Каразіна. Серія: Біологія, (19), 41-45.				0	Olga N. Petko
WG9101	Pontastacus leptodactylus	50.72025	25.3634722222222	high	2012	indigenous	native	DOI 10.2478/vzoo-2013-0020		Kostyuk, V. S., Garbar, A. V., & Mezhzherin, S. V. (2013). Karyotypes and morphological variability of crayfish Pontastacus leptodactylus and P. angulosus (Malacostraca, Decapoda). Вестник зоологии, (47,№ 3), 205-210.				0	Olga N. Petko
WG9102	Pontastacus leptodactylus	50.9821111111111	26.3247777777778	high	2012	indigenous	native	DOI 10.2478/vzoo-2013-0020		Kostyuk, V. S., Garbar, A. V., & Mezhzherin, S. V. (2013). Karyotypes and morphological variability of crayfish Pontastacus leptodactylus and P. angulosus (Malacostraca, Decapoda). Вестник зоологии, (47,№ 3), 205-210.				0	Olga N. Petko
WG9103	Pontastacus pachypus	51.2435277777778	51.5169722222222	high	2021	indigenous	native		https://cyberleninka.ru/article/n/taksonomicheskiy-sostav-i-kolichestvennye-pokazateli-makrozoobentosa-ryada-vodoemov-zapadno-kazahstanskoy-oblasti	Сарманов, А. Е., Сергалиев, Н. Х., Ахмеденов, К. М., Султанов, Е. С., Кашеваров, Г. С., & Фролова, Л. А. (2021). ТАКСОНОМИЧЕСКИЙ СОСТАВ И КОЛИЧЕСТВЕННЫЕ ПОКАЗАТЕЛИ МАКРОЗООБЕНТОСА РЯДА ВОДОЕМОВ ЗАПАДНО-КАЗАХСТАНСКОЙ ОБЛАСТИ. Вестник Астраханского государственного технического университета. Серия: Рыбное хозяйство, (3), 35-46.			same locations on the shore of Caspian sea for two species: P. eichwaldi and A. pachypus	0	Olga N. Petko
WG9104	Pontastacus leptodactylus	51.3880555555556	61.8631388888889	high	2020	indigenous	native		https://repo.kspi.kz/handle/123456789/5154	Брагина, Т. М., & Бойко, И. А. (2021). Морфометрические показатели речного рака (Astacus leptodactylus Eschscholtz, 1823) озера Кулыколь Костанайской области.				0	Olga N. Petko
WG9109	Pontastacus leptodactylus	52.4843611111111	62.1362222222222	high	2019	indigenous	native		https://repo.kspi.kz/handle/123456789/3813	Брагина, Т. М., & Бойко, И. А. (2020). Анализ динамики рекомендованного промысла речного рака в Костанайской области.				0	Olga N. Petko
WG9110	Pontastacus leptodactylus	52.5080833333333	65.0990277777778	low	2019	indigenous	native		https://repo.kspi.kz/handle/123456789/3813	Брагина, Т. М., & Бойко, И. А. (2020). Анализ динамики рекомендованного промысла речного рака в Костанайской области.				0	Olga N. Petko
WG9113	Pontastacus leptodactylus	52.79975	26.7423888888889	high	2020	indigenous	native	10.21443/1560-9278-2023-26-2-93-98		Алехнович, А. В. (2023). Влияние промыслового лова на размерную и возрастную структуру популяций длиннопалого рака Pontastacus leptodactylus. Вестник Мурманского государственного технического университета, 26(2), 93-98.				0	Olga N. Petko
WG9114	Pontastacus leptodactylus	52.8290555555556	26.98075	high	2020	indigenous	native	10.21443/1560-9278-2023-26-2-93-98		Алехнович, А. В. (2023). Влияние промыслового лова на размерную и возрастную структуру популяций длиннопалого рака Pontastacus leptodactylus. Вестник Мурманского государственного технического университета, 26(2), 93-98.				0	Olga N. Petko
WG9115	Pontastacus leptodactylus	52.8439166666667	62.5575	low	2019	indigenous	native		https://repo.kspi.kz/handle/123456789/3813	Брагина, Т. М., & Бойко, И. А. (2020). Анализ динамики рекомендованного промысла речного рака в Костанайской области.				0	Olga N. Petko
WG9116	Pontastacus leptodactylus	52.8906666666667	63.02275	high	2019	indigenous	native		https://repo.kspi.kz/handle/123456789/3813	Брагина, Т. М., & Бойко, И. А. (2020). Анализ динамики рекомендованного промысла речного рака в Костанайской области.				0	Olga N. Petko
WG9134	Pontastacus leptodactylus	53.4429166666667	49.2301944444444	high	2021	indigenous	native		https://www.elibrary.ru/item.asp?id=48748111	Мельникова, А. В. (2022). ВЫСШИЕ РАКООБРАЗНЫЕ КУЙБЫШЕВСКОГО И НИЖНЕКАМСКОГО ВОДОХРАНИЛИЩ. In АКТУАЛЬНЫЕ ПРОБЛЕМЫ ИЗУЧЕНИЯ РАКООБРАЗНЫХ (pp. 41-41).				0	Olga N. Petko
WG9135	Pontastacus leptodactylus	53.45	49.1666666666667	high	2020	indigenous	native		https://chnmuseum.ru/wp-content/uploads/2022/08/sbornik_2021.pdf#page=77	Утямышева, Ю. С., Северов, Ю. А., Тележникова, Т. А., & Нуретдинов, Р. Р. (2021). РАЗМЕРНО-ВЕСОВЫЕ ПОКАЗАТЕЛИ, ПОЛОВОЙ СОСТАВ УЗКОПАЛЫХ РЕЧНЫХ РАКОВ (Pontoastacus leptodactylus Esch.) МЕШИНСКОГО ЗАЛИВА КУЙБЫШЕВСКОГО ВОДОХРАНИЛИЩА. Естественнонаучные исследования в Чувашии, (7), 77-81.				0	Olga N. Petko
WG9140	Pontastacus leptodactylus	53.5373888888889	61.52525	low	2019	indigenous	native		https://repo.kspi.kz/handle/123456789/3813	Брагина, Т. М., & Бойко, И. А. (2020). Анализ динамики рекомендованного промысла речного рака в Костанайской области.				0	Olga N. Petko
WG9141	Pontastacus leptodactylus	53.6492222222222	48.9390277777778	high	2004	indigenous	native		https://www.elibrary.ru/item.asp?id=37168431	САДЫКОВА, Л., & ДЕМЕНТЬЕВ, Д. (2018). РЕЧНЫЕ РАКИ В ВОДОЕМАХ РЕСПУБЛИКИ ТАТАРСТАН. In Тинчуринские чтения (pp. 77-79).				0	Olga N. Petko
WG9145	Pontastacus leptodactylus	54.3665555555556	64.4805	low	2019	indigenous	native		https://repo.kspi.kz/handle/123456789/3813	Брагина, Т. М., & Бойко, И. А. (2020). Анализ динамики рекомендованного промысла речного рака в Костанайской области.				0	Olga N. Petko
WG9146	Pontastacus leptodactylus	54.3870833333333	64.7352222222222	low	2019	indigenous	native		https://repo.kspi.kz/handle/123456789/3813	Брагина, Т. М., & Бойко, И. А. (2020). Анализ динамики рекомендованного промысла речного рака в Костанайской области.				0	Olga N. Petko
WG9149	Pontastacus leptodactylus	54.6445555555556	21.0545277777778	high	2012	non-indigenous	introduced		https://www.elibrary.ru/item.asp?id=29844810	Виноградова, О. Л., Володина, А. А., Герб, М. А., Гущин, А. В., Дудакова, Д. С., Ежова, Е. Е., ... & Кудрявцев, Н. Г. (2013). Биологические сообщества реки Преголи (бассейн Вислинского залива, Балтийское море).			no exact year	0	Olga N. Petko
WG9151	Pontastacus leptodactylus	55.7530833333333	36.5036388888889	high	2002	indigenous	native		https://www.elibrary.ru/item.asp?id=36275411	Решетников, А. Н., & Решетникова, Н. М. (2002). ЧУЖЕРОДНЫЕ ВИДЫ В ЗАКАЗНИКЕ" ОЗЕРО ГЛУБОКОЕ". In Труды Гидробиологической станции на Глубоком Озере имени Николая Юрьевича Зографа (pp. 117-127).				0	Olga N. Petko
WG9153	Pontastacus leptodactylus	55.8998611111111	52.7881666666667	high	2021	indigenous	native		https://www.elibrary.ru/item.asp?id=48748111	Мельникова, А. В. (2022). ВЫСШИЕ РАКООБРАЗНЫЕ КУЙБЫШЕВСКОГО И НИЖНЕКАМСКОГО ВОДОХРАНИЛИЩ. In АКТУАЛЬНЫЕ ПРОБЛЕМЫ ИЗУЧЕНИЯ РАКООБРАЗНЫХ (pp. 41-41).				0	Olga N. Petko
WG9154	Pontastacus leptodactylus	56.2029722222222	53.6181666666667	low	2018	indigenous	native		https://www.elibrary.ru/item.asp?id=26388511	Хабибуллин, В. Ф. (2016). Видовое разнообразие семейств, отрядов, классов и типов животных Республики Башкортостан. Материалы по флоре и фауне Республики Башкортостан, (11), 25-68.				0	Olga N. Petko
WG9155	Pontastacus leptodactylus	56.2138333333333	54.2001666666667	high	2018	indigenous	native		https://www.elibrary.ru/item.asp?id=26388511	Хабибуллин, В. Ф. (2016). Видовое разнообразие семейств, отрядов, классов и типов животных Республики Башкортостан. Материалы по флоре и фауне Республики Башкортостан, (11), 25-68.				0	Olga N. Petko
WG9156	Pontastacus leptodactylus	56.3138055555556	54.9193611111111	low	2018	indigenous	native		https://www.elibrary.ru/item.asp?id=26388511	Хабибуллин, В. Ф. (2016). Видовое разнообразие семейств, отрядов, классов и типов животных Республики Башкортостан. Материалы по флоре и фауне Республики Башкортостан, (11), 25-68.				0	Olga N. Petko
WG9157	Pontastacus leptodactylus	56.5041944444444	44.8103888888889	high	1998	indigenous	native		http://www.kerzhenskiy.narod.ru/Nauka/Trud_Kerzh_Vol2.pdf#page=153	Ануфриев, Г. А., & Баянов, Н. Г. (2002). Фауна беспозвоночных Керженского заповедника по результатам исследований 1993-2001 годов. Материалы по фауне Нижегородского Заволжья. Труды государственного природного заповедника «Керженский, 2, 152-354.				0	Olga N. Petko
WG9158	Pontastacus leptodactylus	56.8725277777778	53.4911944444444	low	2018	indigenous	native		https://www.elibrary.ru/item.asp?id=26388511	Хабибуллин, В. Ф. (2016). Видовое разнообразие семейств, отрядов, классов и типов животных Республики Башкортостан. Материалы по флоре и фауне Республики Башкортостан, (11), 25-68.				0	Olga N. Petko
WG9159	Pontastacus leptodactylus	56.8804722222222	53.1310555555556	high	2018	indigenous	native		https://www.elibrary.ru/item.asp?id=26388511	Хабибуллин, В. Ф. (2016). Видовое разнообразие семейств, отрядов, классов и типов животных Республики Башкортостан. Материалы по флоре и фауне Республики Башкортостан, (11), 25-68.				0	Olga N. Petko
WG9160	Pontastacus leptodactylus	57.0629722222222	54.5635277777778	high	2018	indigenous	native		https://www.elibrary.ru/item.asp?id=26388511	Хабибуллин, В. Ф. (2016). Видовое разнообразие семейств, отрядов, классов и типов животных Республики Башкортостан. Материалы по флоре и фауне Республики Башкортостан, (11), 25-68.				0	Olga N. Petko
WG9161	Pontastacus leptodactylus	57.1632777777778	53.2995555555556	low	2018	indigenous	native		https://www.elibrary.ru/item.asp?id=26388511	Хабибуллин, В. Ф. (2016). Видовое разнообразие семейств, отрядов, классов и типов животных Республики Башкортостан. Материалы по флоре и фауне Республики Башкортостан, (11), 25-68.				0	Olga N. Petko
WG9162	Pontastacus leptodactylus	57.2588055555556	54.4178333333333	low	2018	indigenous	native		https://www.elibrary.ru/item.asp?id=26388511	Хабибуллин, В. Ф. (2016). Видовое разнообразие семейств, отрядов, классов и типов животных Республики Башкортостан. Материалы по флоре и фауне Республики Башкортостан, (11), 25-68.				0	Olga N. Petko
WG9163	Pontastacus leptodactylus	58.4135277777778	53.441	low	2018	indigenous	native		https://www.elibrary.ru/item.asp?id=26388511	Хабибуллин, В. Ф. (2016). Видовое разнообразие семейств, отрядов, классов и типов животных Республики Башкортостан. Материалы по флоре и фауне Республики Башкортостан, (11), 25-68.				0	Olga N. Petko
WG9165	Pontastacus leptodactylus	60.4589166666667	30.4522222222222	high	2016	non-indigenous	introduced		https://elibrary.ru/item.asp?id=29411779	Тамулёнис, А. Ю. (2017). Условия совместного обитания пресноводных раков (/Astacus astacus l./и/Pontastacus leptodactylus esch/.) в водоёмах Ленинградской области (на примере озеро Оленино (Оленье)). Метеорологический вестник, 9(2), 211-215.			not a mistake, both species same lake	0	Olga N. Petko
WG9166	Pontastacus leptodactylus	60.5716111111111	34.0539166666667	high	2012	non-indigenous	introduced	10.3391/bir.2021.10.4.14		Berezina, N. A., Terentiev, P. M., Sharov, A. N., & Maximov, A. A. (2021). New records and disappearance from old sites of narrow-clawed crayfish Pontastacus leptodactylus in northwestern Russia. BioInvasions Record, 10(4).				0	Olga N. Petko
WG9170	Pontastacus leptodactylus	61.6785555555556	32.2300555555556	high	2012	non-indigenous	introduced	10.3391/bir.2021.10.4.14		Berezina, N. A., Terentiev, P. M., Sharov, A. N., & Maximov, A. A. (2021). New records and disappearance from old sites of narrow-clawed crayfish Pontastacus leptodactylus in northwestern Russia. BioInvasions Record, 10(4).				0	Olga N. Petko
WG9171	Pontastacus leptodactylus	61.7206388888889	38.0974444444444	high	2009	non-indigenous	introduced	10.3391/bir.2021.10.4.14		Berezina, N. A., Terentiev, P. M., Sharov, A. N., & Maximov, A. A. (2021). New records and disappearance from old sites of narrow-clawed crayfish Pontastacus leptodactylus in northwestern Russia. BioInvasions Record, 10(4).				0	Olga N. Petko
WG9172	Pontastacus leptodactylus	61.7206388888889	38.0974444444444	high	2012	non-indigenous	introduced	10.3391/bir.2021.10.4.14		Berezina, N. A., Terentiev, P. M., Sharov, A. N., & Maximov, A. A. (2021). New records and disappearance from old sites of narrow-clawed crayfish Pontastacus leptodactylus in northwestern Russia. BioInvasions Record, 10(4).				0	Olga N. Petko
WG9173	Pontastacus leptodactylus	61.7676944444444	34.42275	low	2009	non-indigenous	introduced	10.3391/bir.2021.10.4.14		Berezina, N. A., Terentiev, P. M., Sharov, A. N., & Maximov, A. A. (2021). New records and disappearance from old sites of narrow-clawed crayfish Pontastacus leptodactylus in northwestern Russia. BioInvasions Record, 10(4).				0	Olga N. Petko
WG9174	Pontastacus leptodactylus	61.7970277777778	36.5414722222222	high	2012	non-indigenous	introduced	10.3391/bir.2021.10.4.14		Berezina, N. A., Terentiev, P. M., Sharov, A. N., & Maximov, A. A. (2021). New records and disappearance from old sites of narrow-clawed crayfish Pontastacus leptodactylus in northwestern Russia. BioInvasions Record, 10(4).				0	Olga N. Petko
WG9175	Pontastacus leptodactylus	61.8620277777778	31.6820555555556	low	2012	non-indigenous	introduced	10.3391/bir.2021.10.4.14		Berezina, N. A., Terentiev, P. M., Sharov, A. N., & Maximov, A. A. (2021). New records and disappearance from old sites of narrow-clawed crayfish Pontastacus leptodactylus in northwestern Russia. BioInvasions Record, 10(4).				0	Olga N. Petko
WG9176	Pontastacus leptodactylus	61.9316388888889	34.0928055555556	high	2012	non-indigenous	introduced	10.3391/bir.2021.10.4.14		Berezina, N. A., Terentiev, P. M., Sharov, A. N., & Maximov, A. A. (2021). New records and disappearance from old sites of narrow-clawed crayfish Pontastacus leptodactylus in northwestern Russia. BioInvasions Record, 10(4).				0	Olga N. Petko
WG9177	Pontastacus leptodactylus	62.0348055555556	36.0649722222222	high	2012	non-indigenous	introduced	10.3391/bir.2021.10.4.14		Berezina, N. A., Terentiev, P. M., Sharov, A. N., & Maximov, A. A. (2021). New records and disappearance from old sites of narrow-clawed crayfish Pontastacus leptodactylus in northwestern Russia. BioInvasions Record, 10(4).				0	Olga N. Petko
WG9178	Pontastacus leptodactylus	62.0500277777778	33.9985277777778	high	2012	non-indigenous	introduced	10.3391/bir.2021.10.4.14		Berezina, N. A., Terentiev, P. M., Sharov, A. N., & Maximov, A. A. (2021). New records and disappearance from old sites of narrow-clawed crayfish Pontastacus leptodactylus in northwestern Russia. BioInvasions Record, 10(4).				0	Olga N. Petko
WG9179	Pontastacus leptodactylus	62.0536944444444	38.2714166666667	high	2009	non-indigenous	introduced	10.3391/bir.2021.10.4.14		Berezina, N. A., Terentiev, P. M., Sharov, A. N., & Maximov, A. A. (2021). New records and disappearance from old sites of narrow-clawed crayfish Pontastacus leptodactylus in northwestern Russia. BioInvasions Record, 10(4).				0	Olga N. Petko
WG9180	Pontastacus leptodactylus	62.0538888888889	34.0513055555556	high	2012	non-indigenous	introduced	10.3391/bir.2021.10.4.14		Berezina, N. A., Terentiev, P. M., Sharov, A. N., & Maximov, A. A. (2021). New records and disappearance from old sites of narrow-clawed crayfish Pontastacus leptodactylus in northwestern Russia. BioInvasions Record, 10(4).				0	Olga N. Petko
WG9181	Pontastacus leptodactylus	62.0653333333333	34.1640555555556	high	2012	non-indigenous	introduced	10.3391/bir.2021.10.4.14		Berezina, N. A., Terentiev, P. M., Sharov, A. N., & Maximov, A. A. (2021). New records and disappearance from old sites of narrow-clawed crayfish Pontastacus leptodactylus in northwestern Russia. BioInvasions Record, 10(4).				0	Olga N. Petko
WG9182	Pontastacus leptodactylus	62.0744722222222	34.0759722222222	high	2012	non-indigenous	introduced	10.3391/bir.2021.10.4.14		Berezina, N. A., Terentiev, P. M., Sharov, A. N., & Maximov, A. A. (2021). New records and disappearance from old sites of narrow-clawed crayfish Pontastacus leptodactylus in northwestern Russia. BioInvasions Record, 10(4).				0	Olga N. Petko
WG9183	Pontastacus leptodactylus	62.6105833333333	34.0786666666667	high	2012	non-indigenous	introduced	10.3391/bir.2021.10.4.14		Berezina, N. A., Terentiev, P. M., Sharov, A. N., & Maximov, A. A. (2021). New records and disappearance from old sites of narrow-clawed crayfish Pontastacus leptodactylus in northwestern Russia. BioInvasions Record, 10(4).				0	Olga N. Petko
WG9184	Pontastacus leptodactylus	62.81075	33.1565277777778	high	2012	non-indigenous	introduced	10.3391/bir.2021.10.4.14		Berezina, N. A., Terentiev, P. M., Sharov, A. N., & Maximov, A. A. (2021). New records and disappearance from old sites of narrow-clawed crayfish Pontastacus leptodactylus in northwestern Russia. BioInvasions Record, 10(4).			year 2012 for this paper is an estimation, no exact year was given for many locations. the data was collected from 2009 to 2020	0	Olga N. Petko
WG9185	Pontastacus leptodactylus	63.3063611111111	42.3365555555556	high	2010	non-indigenous	introduced	10.3391/bir.2021.10.4.14		Berezina, N. A., Terentiev, P. M., Sharov, A. N., & Maximov, A. A. (2021). New records and disappearance from old sites of narrow-clawed crayfish Pontastacus leptodactylus in northwestern Russia. BioInvasions Record, 10(4).				0	Olga N. Petko
WG9186	Pontastacus leptodactylus	63.70775	41.7847222222222	high	2010	non-indigenous	introduced	10.3391/bir.2021.10.4.14		Berezina, N. A., Terentiev, P. M., Sharov, A. N., & Maximov, A. A. (2021). New records and disappearance from old sites of narrow-clawed crayfish Pontastacus leptodactylus in northwestern Russia. BioInvasions Record, 10(4).				0	Olga N. Petko
WG9187	Pontastacus leptodactylus	65.0250555555556	35.7179166666667	high	2016	non-indigenous	introduced	10.3391/bir.2021.10.4.14		Berezina, N. A., Terentiev, P. M., Sharov, A. N., & Maximov, A. A. (2021). New records and disappearance from old sites of narrow-clawed crayfish Pontastacus leptodactylus in northwestern Russia. BioInvasions Record, 10(4).				0	Olga N. Petko
WG9188	Pontastacus leptodactylus	65.0957777777778	35.6350833333333	high	2015	non-indigenous	introduced	10.3391/bir.2021.10.4.14		Berezina, N. A., Terentiev, P. M., Sharov, A. N., & Maximov, A. A. (2021). New records and disappearance from old sites of narrow-clawed crayfish Pontastacus leptodactylus in northwestern Russia. BioInvasions Record, 10(4).				0	Olga N. Petko
WG9189	Pontastacus leptodactylus	66.2185	33.8253055555556	low	2020	non-indigenous	introduced	10.3391/bir.2021.10.4.14		Berezina, N. A., Terentiev, P. M., Sharov, A. N., & Maximov, A. A. (2021). New records and disappearance from old sites of narrow-clawed crayfish Pontastacus leptodactylus in northwestern Russia. BioInvasions Record, 10(4).			a problem with matching a toponym from the article, can be the exact lake, can be another one in this area	0	Olga N. Petko
WG9190	Pontastacus leptodactylus	67.5451388888889	33.0739166666667	high	2020	non-indigenous	introduced	10.3391/bir.2021.10.4.14		Berezina, N. A., Terentiev, P. M., Sharov, A. N., & Maximov, A. A. (2021). New records and disappearance from old sites of narrow-clawed crayfish Pontastacus leptodactylus in northwestern Russia. BioInvasions Record, 10(4).				0	Olga N. Petko
WG9191	Pontastacus leptodactylus	68.9915555555555	33.0899444444444	high	2018	non-indigenous	introduced	10.3391/bir.2021.10.4.14		Berezina, N. A., Terentiev, P. M., Sharov, A. N., & Maximov, A. A. (2021). New records and disappearance from old sites of narrow-clawed crayfish Pontastacus leptodactylus in northwestern Russia. BioInvasions Record, 10(4).				0	Olga N. Petko
WI1664	Astacus colchicus	42.3	41.8	low	2016	indigenous	native	10.1111/1749-4877.12493		Blaha, M., Patoka, J., Japoshvili, B., Let, M., Buřič, M., Kouba, A., & Mumladze, L. (2021). Genetic diversity, phylogenetic position and morphometric analysis of Astacus colchicus (Decapoda, Astacidae): a new insight into Eastern European crayfish fauna. Integrative Zoology, 16(3), 368-378.	MT483860, MT483862			0	Olga N. Petko
WI1672	Pontastacus leptodactylus	40.4015854277914	45.2396461961847	high	1996	indigenous	native	10.23859/estr-190513		Гукасян, Э. Х., Мелконян, Г. Ф., Степанян, Л. Г., & Бадалян, Н. С. (2019). Особенности развития популяции длиннопалого рака (Pontastacus leptodactylus Eschscholtz, 1823) в озере Севан в период 1996-2018 гг. Трансформация экосистем, (3), 85-93.				0	Olga N. Petko
WI1673	Pontastacus leptodactylus	40.4060298845981	45.2441093917975	high	2004	indigenous	native		https://www.elibrary.ru/item.asp?id=26472043	Алехнович, А. В., & Гукасян, Э. Х. (2016, August). Сравнительный анализ роста длиннопалого рака белорусского оз. Соминское и армянского оз. Севан. In Доклады Национальной академии наук Беларуси (Vol. 60, No. 3, pp. 105-107).				0	Olga N. Petko
WI1674	Pontastacus leptodactylus	40.6897649694997	47.0876274576461	high	2004	indigenous	native		http://www.irbis-nbuv.gov.ua/cgi-bin/irbis_nbuv/cgiirbis_64.exe?C21COM=2&I21DBN=UJRN&P21DBN=UJRN&IMAGE_FILE_DOWNLOAD=1&Image_file_name=PDF/VKhb_2010_905_11_20.pdf	Гулиева, Ф. Р. (2010). Особенности размножения длиннопалого речного рака (Astacus leptodactylus Esch.) в условиях Мингечаурского и Варваринского водохранилищ, Азербайджан. Вісник Харківського національного університету імені ВН Каразіна. Серія: Біологія, (11), 127-132.				0	Olga N. Petko
WI1675	Pontastacus leptodactylus	40.7891743253964	47.0280287447859	high	2004	indigenous	native		http://www.irbis-nbuv.gov.ua/cgi-bin/irbis_nbuv/cgiirbis_64.exe?C21COM=2&I21DBN=UJRN&P21DBN=UJRN&IMAGE_FILE_DOWNLOAD=1&Image_file_name=PDF/VKhb_2010_905_11_20.pdf	Гулиева, Ф. Р. (2010). Особенности размножения длиннопалого речного рака (Astacus leptodactylus Esch.) в условиях Мингечаурского и Варваринского водохранилищ, Азербайджан. Вісник Харківського національного університету імені ВН Каразіна. Серія: Біологія, (11), 127-132.				0	Olga N. Petko
WI1676	Pontastacus leptodactylus	51.3862798940632	61.8709630030749	high	2020	indigenous	native		https://repo.kspi.kz/handle/123456789/5154	Брагина, Т. М., & Бойко, И. А. (2021). Морфометрические показатели речного рака (Astacus leptodactylus Eschscholtz, 1823) озера Кулыколь Костанайской области.				0	Olga N. Petko
WI1677	Pontastacus leptodactylus	52.5363544281533	25.9311110531482	high	2004	indigenous	native		https://www.elibrary.ru/item.asp?id=26472043	Алехнович, А. В., & Гукасян, Э. Х. (2016, August). Сравнительный анализ роста длиннопалого рака белорусского оз. Соминское и армянского оз. Севан. In Доклады Национальной академии наук Беларуси (Vol. 60, No. 3, pp. 105-107).				0	Olga N. Petko
WI1678	Pontastacus leptodactylus	53.0496002111588	80.8619850893913	high	2007	indigenous	native		https://www.elibrary.ru/item.asp?id=23000465	Лукерин, А. Ю. (2014). Характеристика популяции речного рака в озере Мостовое Алтайского края и среды ее обитания. Фундаментальные исследования, (12-11), 2361-2365.				0	Olga N. Petko
WI1679	Pontastacus leptodactylus	50.934954	81.795173	high	2007	indigenous	native	10.1590/2358-2936e2020016		Popov, I. (2020). The expansion of freshwater crayfish range to the center of Eurasia. Nauplius, 28, e2020016.				0	Olga N. Petko
WI1680	Pontastacus leptodactylus	51.704077	82.696801	high	2007	indigenous	native	10.1590/2358-2936e2020016		Popov, I. (2020). The expansion of freshwater crayfish range to the center of Eurasia. Nauplius, 28, e2020016.				0	Olga N. Petko
WI1681	Pontastacus leptodactylus	51.849381	80.870104	high	2007	indigenous	native	10.1590/2358-2936e2020016		Popov, I. (2020). The expansion of freshwater crayfish range to the center of Eurasia. Nauplius, 28, e2020016.				0	Olga N. Petko
WI1682	Pontastacus leptodactylus	52.250994	104.296993	high	2000	indigenous	native	10.1590/2358-2936e2020016		Popov, I. (2020). The expansion of freshwater crayfish range to the center of Eurasia. Nauplius, 28, e2020016.				0	Olga N. Petko
WI1683	Pontastacus leptodactylus	52.726192	84.709244	high	2008	indigenous	native	10.1590/2358-2936e2020016		Popov, I. (2020). The expansion of freshwater crayfish range to the center of Eurasia. Nauplius, 28, e2020016.				0	Olga N. Petko
WI1684	Pontastacus leptodactylus	53.057524	80.818319	high	2007	indigenous	native	10.1590/2358-2936e2020016		Popov, I. (2020). The expansion of freshwater crayfish range to the center of Eurasia. Nauplius, 28, e2020016.				0	Olga N. Petko
WI1685	Pontastacus leptodactylus	53.360745	78.785334	high	2007	indigenous	native	10.1590/2358-2936e2020016		Popov, I. (2020). The expansion of freshwater crayfish range to the center of Eurasia. Nauplius, 28, e2020016.				0	Olga N. Petko
WI1686	Pontastacus leptodactylus	53.401687	91.179087	high	2016	indigenous	native	10.1590/2358-2936e2020016		Popov, I. (2020). The expansion of freshwater crayfish range to the center of Eurasia. Nauplius, 28, e2020016.				0	Olga N. Petko
WI1687	Pontastacus leptodactylus	53.634501	91.091026	high	2014	indigenous	native	10.1590/2358-2936e2020016		Popov, I. (2020). The expansion of freshwater crayfish range to the center of Eurasia. Nauplius, 28, e2020016.				0	Olga N. Petko
WI1688	Pontastacus leptodactylus	53.85958	75.019929	high	2008	indigenous	native	10.1590/2358-2936e2020016		Popov, I. (2020). The expansion of freshwater crayfish range to the center of Eurasia. Nauplius, 28, e2020016.				0	Olga N. Petko
WI1689	Pontastacus leptodactylus	54.436197	86.449103	high	2013	indigenous	native	10.1590/2358-2936e2020016		Popov, I. (2020). The expansion of freshwater crayfish range to the center of Eurasia. Nauplius, 28, e2020016.				0	Olga N. Petko
WI1690	Pontastacus leptodactylus	54.594546	100.867105	high	2014	indigenous	native	10.1590/2358-2936e2020016		Popov, I. (2020). The expansion of freshwater crayfish range to the center of Eurasia. Nauplius, 28, e2020016.				0	Olga N. Petko
WI1691	Pontastacus leptodactylus	55.024048	76.631933	high	2009	indigenous	native	10.1590/2358-2936e2020016		Popov, I. (2020). The expansion of freshwater crayfish range to the center of Eurasia. Nauplius, 28, e2020016.				0	Olga N. Petko
WI1692	Pontastacus leptodactylus	55.285586	92.219306	high	2012	indigenous	native	10.1590/2358-2936e2020016		Popov, I. (2020). The expansion of freshwater crayfish range to the center of Eurasia. Nauplius, 28, e2020016.				0	Olga N. Petko
WI1693	Pontastacus leptodactylus	55.555388	89.005535	high	2012	indigenous	native	10.1590/2358-2936e2020016		Popov, I. (2020). The expansion of freshwater crayfish range to the center of Eurasia. Nauplius, 28, e2020016.				0	Olga N. Petko
WI1694	Pontastacus leptodactylus	55.558472	102.082349	high	2014	indigenous	native	10.1590/2358-2936e2020016		Popov, I. (2020). The expansion of freshwater crayfish range to the center of Eurasia. Nauplius, 28, e2020016.				0	Olga N. Petko
WI1695	Pontastacus leptodactylus	55.718284	60.782012	high	1980	indigenous	native	10.1590/2358-2936e2020016		Popov, I. (2020). The expansion of freshwater crayfish range to the center of Eurasia. Nauplius, 28, e2020016.				0	Olga N. Petko
WI1696	Pontastacus leptodactylus	55.979231	90.358374	high	2013	indigenous	native	10.1590/2358-2936e2020016		Popov, I. (2020). The expansion of freshwater crayfish range to the center of Eurasia. Nauplius, 28, e2020016.				0	Olga N. Petko
WI1697	Pontastacus leptodactylus	56.021202	92.89362	high	2012	indigenous	native	10.1590/2358-2936e2020016		Popov, I. (2020). The expansion of freshwater crayfish range to the center of Eurasia. Nauplius, 28, e2020016.				0	Olga N. Petko
WI1698	Pontastacus leptodactylus	49.9187	14.17706667	high	2016	non-indigenous	introduced	10.1016/j.jcz.2017.03.001		Bláha, M., Uzhytchak, M., Bondarenko, V., & Policar, T. (2017). The least known European native crayfish Astacus pachypus (Rathke, 1837) revealed its phylogenetic position. Zoologischer Anzeiger, 267, 151-154.				0	Olga N. Petko
WI1699	Pontastacus pachypus	46.69821667	32.82766667	high	2016	indigenous	native	10.1016/j.jcz.2017.03.001		Bláha, M., Uzhytchak, M., Bondarenko, V., & Policar, T. (2017). The least known European native crayfish Astacus pachypus (Rathke, 1837) revealed its phylogenetic position. Zoologischer Anzeiger, 267, 151-154.				0	Olga N. Petko
WI1700	Pontastacus pachypus	46.7742	33.36816667	high	2016	indigenous	native	10.1016/j.jcz.2017.03.001		Bláha, M., Uzhytchak, M., Bondarenko, V., & Policar, T. (2017). The least known European native crayfish Astacus pachypus (Rathke, 1837) revealed its phylogenetic position. Zoologischer Anzeiger, 267, 151-154.				0	Olga N. Petko
WI1701	Pontastacus pachypus	46.7475	32.90416667	high	2010	indigenous	native	10.1515/vzoo-2015-0004		Mezhzherin, S. V., Kostyuk, V. S., Garbar, A. V., Zhalai, E. I., & Kutishchev, P. S. (2015). The thick-clawed crayfish, Astacus pachypus (Crustacea, Decapoda, Astacidae), in Ukraine: karyotype, allozymes and morphological parameters. Вестник зоологии, (49,№ 1), 41-48.				0	Olga N. Petko
WI1702	Pontastacus pachypus	46.74972222	32.99583333	high	2010	indigenous	native	10.1515/vzoo-2015-0004		Mezhzherin, S. V., Kostyuk, V. S., Garbar, A. V., Zhalai, E. I., & Kutishchev, P. S. (2015). The thick-clawed crayfish, Astacus pachypus (Crustacea, Decapoda, Astacidae), in Ukraine: karyotype, allozymes and morphological parameters. Вестник зоологии, (49,№ 1), 41-48.				0	Olga N. Petko
WK4498	Pontastacus leptodactylus	47.32756	8.5962	low	1972	non-indigenous	introduced	10.15468/dl.k2yafr		Stucki P, Krieg R, Capt S (2021). Swiss National Decapoda Databank. Swiss National Biodiversity Data and Information Centres – infospecies.ch. Occurrence dataset https://doi.org/10.15468/dl.k2yafr accessed via GBIF.org on 2024-07-23.			recvordby_Maag Heinz Country_CH	0	Mihaela C. Ion
WK4499	Pontastacus leptodactylus	45.97471	8.89015	low	1976	non-indigenous	introduced	10.15468/dl.k2yafr		Stucki P, Krieg R, Capt S (2021). Swiss National Decapoda Databank. Swiss National Biodiversity Data and Information Centres – infospecies.ch. Occurrence dataset https://doi.org/10.15468/dl.k2yafr accessed via GBIF.org on 2024-07-23.			Country_CH	0	Mihaela C. Ion
WK4500	Pontastacus leptodactylus	47.32821	8.53006	low	1976	non-indigenous	introduced	10.15468/dl.k2yafr		Stucki P, Krieg R, Capt S (2021). Swiss National Decapoda Databank. Swiss National Biodiversity Data and Information Centres – infospecies.ch. Occurrence dataset https://doi.org/10.15468/dl.k2yafr accessed via GBIF.org on 2024-07-23.			recvordby_Maag Heinz Country_CH	0	Mihaela C. Ion
WK4501	Pontastacus leptodactylus	47.37317	8.53098	low	1978	non-indigenous	introduced	10.15468/dl.k2yafr		Stucki P, Krieg R, Capt S (2021). Swiss National Decapoda Databank. Swiss National Biodiversity Data and Information Centres – infospecies.ch. Occurrence dataset https://doi.org/10.15468/dl.k2yafr accessed via GBIF.org on 2024-07-23.			recvordby_Vicentini Heinrich Country_CH	0	Mihaela C. Ion
WK4502	Pontastacus leptodactylus	47.28259	8.59522	low	1980	non-indigenous	introduced	10.15468/dl.k2yafr		Stucki P, Krieg R, Capt S (2021). Swiss National Decapoda Databank. Swiss National Biodiversity Data and Information Centres – infospecies.ch. Occurrence dataset https://doi.org/10.15468/dl.k2yafr accessed via GBIF.org on 2024-07-23.			recvordby_Maag Heinz Country_CH	0	Mihaela C. Ion
WK4503	Pontastacus leptodactylus	46.01883	8.95589	low	1985	non-indigenous	introduced	10.15468/dl.k2yafr		Stucki P, Krieg R, Capt S (2021). Swiss National Decapoda Databank. Swiss National Biodiversity Data and Information Centres – infospecies.ch. Occurrence dataset https://doi.org/10.15468/dl.k2yafr accessed via GBIF.org on 2024-07-23.			Country_CH	0	Mihaela C. Ion
WK4504	Pontastacus leptodactylus	46.0638	8.95714	low	1985	non-indigenous	introduced	10.15468/dl.k2yafr		Stucki P, Krieg R, Capt S (2021). Swiss National Decapoda Databank. Swiss National Biodiversity Data and Information Centres – infospecies.ch. Occurrence dataset https://doi.org/10.15468/dl.k2yafr accessed via GBIF.org on 2024-07-23.			recvordby_Gruppo di lavoro gamberi Ticino Country_CH	0	Mihaela C. Ion
WK4505	Pontastacus leptodactylus	46.52173	6.75446	low	1985	non-indigenous	introduced	10.15468/dl.k2yafr		Stucki P, Krieg R, Capt S (2021). Swiss National Decapoda Databank. Swiss National Biodiversity Data and Information Centres – infospecies.ch. Occurrence dataset https://doi.org/10.15468/dl.k2yafr accessed via GBIF.org on 2024-07-23.			recvordby_AQUARIUS Country_CH	0	Mihaela C. Ion
WK4506	Pontastacus leptodactylus	46.65531	6.55679	low	1985	non-indigenous	introduced	10.15468/dl.k2yafr		Stucki P, Krieg R, Capt S (2021). Swiss National Decapoda Databank. Swiss National Biodiversity Data and Information Centres – infospecies.ch. Occurrence dataset https://doi.org/10.15468/dl.k2yafr accessed via GBIF.org on 2024-07-23.			recvordby_AQUARIUS Country_CH	0	Mihaela C. Ion
WK4507	Pontastacus leptodactylus	46.20113	6.11068	low	1986	non-indigenous	introduced	10.15468/dl.k2yafr		Stucki P, Krieg R, Capt S (2021). Swiss National Decapoda Databank. Swiss National Biodiversity Data and Information Centres – infospecies.ch. Occurrence dataset https://doi.org/10.15468/dl.k2yafr accessed via GBIF.org on 2024-07-23.			recvordby_AQUARIUS Country_CH	0	Mihaela C. Ion
WK4508	Pontastacus leptodactylus	47.59354	8.93442	low	1987	non-indigenous	introduced	10.15468/dl.k2yafr		Stucki P, Krieg R, Capt S (2021). Swiss National Decapoda Databank. Swiss National Biodiversity Data and Information Centres – infospecies.ch. Occurrence dataset https://doi.org/10.15468/dl.k2yafr accessed via GBIF.org on 2024-07-23.			recvordby_Krämer Augustin Country_CH	0	Mihaela C. Ion
WK4509	Pontastacus leptodactylus	47.63373	9.26827	low	1987	non-indigenous	introduced	10.15468/dl.k2yafr		Stucki P, Krieg R, Capt S (2021). Swiss National Decapoda Databank. Swiss National Biodiversity Data and Information Centres – infospecies.ch. Occurrence dataset https://doi.org/10.15468/dl.k2yafr accessed via GBIF.org on 2024-07-23.			recvordby_Krämer Augustin Country_CH	0	Mihaela C. Ion
WK4510	Pontastacus leptodactylus	47.68167	9.07011	low	1987	non-indigenous	introduced	10.15468/dl.k2yafr		Stucki P, Krieg R, Capt S (2021). Swiss National Decapoda Databank. Swiss National Biodiversity Data and Information Centres – infospecies.ch. Occurrence dataset https://doi.org/10.15468/dl.k2yafr accessed via GBIF.org on 2024-07-23.			recvordby_Krämer Augustin Country_DE	0	Mihaela C. Ion
WK4511	Pontastacus leptodactylus	46.20891	7.34147	low	1994	non-indigenous	introduced	10.15468/dl.k2yafr		Stucki P, Krieg R, Capt S (2021). Swiss National Decapoda Databank. Swiss National Biodiversity Data and Information Centres – infospecies.ch. Occurrence dataset https://doi.org/10.15468/dl.k2yafr accessed via GBIF.org on 2024-07-23.			recvordby_Clalüna Martin Country_CH	0	Mihaela C. Ion
WK4512	Pontastacus leptodactylus	47.28759	7.86825	low	1994	non-indigenous	introduced	10.15468/dl.k2yafr		Stucki P, Krieg R, Capt S (2021). Swiss National Decapoda Databank. Swiss National Biodiversity Data and Information Centres – infospecies.ch. Occurrence dataset https://doi.org/10.15468/dl.k2yafr accessed via GBIF.org on 2024-07-23.			recvordby_Jean-Richard Peter & Judith Country_CH	0	Mihaela C. Ion
WK4513	Pontastacus leptodactylus	46.11843	7.08292	low	1995	non-indigenous	introduced	10.15468/dl.k2yafr		Stucki P, Krieg R, Capt S (2021). Swiss National Decapoda Databank. Swiss National Biodiversity Data and Information Centres – infospecies.ch. Occurrence dataset https://doi.org/10.15468/dl.k2yafr accessed via GBIF.org on 2024-07-23.			recvordby_Marchesi Paul Country_CH	0	Mihaela C. Ion
WK4514	Pontastacus leptodactylus	46.25314	7.0172	low	1995	non-indigenous	introduced	10.15468/dl.k2yafr		Stucki P, Krieg R, Capt S (2021). Swiss National Decapoda Databank. Swiss National Biodiversity Data and Information Centres – infospecies.ch. Occurrence dataset https://doi.org/10.15468/dl.k2yafr accessed via GBIF.org on 2024-07-23.			recvordby_Marchesi Paul Country_CH	0	Mihaela C. Ion
WK4515	Pontastacus leptodactylus	47.10336	8.52548	low	1995	non-indigenous	introduced	10.15468/dl.k2yafr		Stucki P, Krieg R, Capt S (2021). Swiss National Decapoda Databank. Swiss National Biodiversity Data and Information Centres – infospecies.ch. Occurrence dataset https://doi.org/10.15468/dl.k2yafr accessed via GBIF.org on 2024-07-23.			recvordby_Stucki Thomas Country_CH	0	Mihaela C. Ion
WK4516	Pontastacus leptodactylus	47.14833	8.52639	low	1995	non-indigenous	introduced	10.15468/dl.k2yafr		Stucki P, Krieg R, Capt S (2021). Swiss National Decapoda Databank. Swiss National Biodiversity Data and Information Centres – infospecies.ch. Occurrence dataset https://doi.org/10.15468/dl.k2yafr accessed via GBIF.org on 2024-07-23.			recvordby_Muhmenthaler Marco Country_CH	0	Mihaela C. Ion
WK4517	Pontastacus leptodactylus	47.32821	8.53006	low	1995	non-indigenous	introduced	10.15468/dl.k2yafr		Stucki P, Krieg R, Capt S (2021). Swiss National Decapoda Databank. Swiss National Biodiversity Data and Information Centres – infospecies.ch. Occurrence dataset https://doi.org/10.15468/dl.k2yafr accessed via GBIF.org on 2024-07-23.			recvordby_Stucki Thomas Country_CH	0	Mihaela C. Ion
WK4518	Pontastacus leptodactylus	47.33086	8.19935	low	1995	non-indigenous	introduced	10.15468/dl.k2yafr		Stucki P, Krieg R, Capt S (2021). Swiss National Decapoda Databank. Swiss National Biodiversity Data and Information Centres – infospecies.ch. Occurrence dataset https://doi.org/10.15468/dl.k2yafr accessed via GBIF.org on 2024-07-23.			recvordby_Jean-Richard Peter & Judith Country_CH	0	Mihaela C. Ion
WK4519	Pontastacus leptodactylus	47.37185	8.66336	low	1995	non-indigenous	introduced	10.15468/dl.k2yafr		Stucki P, Krieg R, Capt S (2021). Swiss National Decapoda Databank. Swiss National Biodiversity Data and Information Centres – infospecies.ch. Occurrence dataset https://doi.org/10.15468/dl.k2yafr accessed via GBIF.org on 2024-07-23.			recvordby_Züger Marcel Country_CH	0	Mihaela C. Ion
WK4520	Pontastacus leptodactylus	47.58428	9.5325	low	1995	non-indigenous	introduced	10.15468/dl.k2yafr		Stucki P, Krieg R, Capt S (2021). Swiss National Decapoda Databank. Swiss National Biodiversity Data and Information Centres – infospecies.ch. Occurrence dataset https://doi.org/10.15468/dl.k2yafr accessed via GBIF.org on 2024-07-23.			recvordby_Fischereiforschungsstelle des Landes Baden-Württemberg Country_DE	0	Mihaela C. Ion
WK4521	Pontastacus leptodactylus	47.68071	9.13668	low	1995	non-indigenous	introduced	10.15468/dl.k2yafr		Stucki P, Krieg R, Capt S (2021). Swiss National Decapoda Databank. Swiss National Biodiversity Data and Information Centres – infospecies.ch. Occurrence dataset https://doi.org/10.15468/dl.k2yafr accessed via GBIF.org on 2024-07-23.			recvordby_Fischereiforschungsstelle des Landes Baden-Württemberg Country_DE	0	Mihaela C. Ion
WK4522	Pontastacus leptodactylus	46.11843	7.08292	low	1996	non-indigenous	introduced	10.15468/dl.k2yafr		Stucki P, Krieg R, Capt S (2021). Swiss National Decapoda Databank. Swiss National Biodiversity Data and Information Centres – infospecies.ch. Occurrence dataset https://doi.org/10.15468/dl.k2yafr accessed via GBIF.org on 2024-07-23.			recvordby_Marchesi Paul Country_CH	0	Mihaela C. Ion
WK4523	Pontastacus leptodactylus	46.20816	7.01755	low	1996	non-indigenous	introduced	10.15468/dl.k2yafr		Stucki P, Krieg R, Capt S (2021). Swiss National Decapoda Databank. Swiss National Biodiversity Data and Information Centres – infospecies.ch. Occurrence dataset https://doi.org/10.15468/dl.k2yafr accessed via GBIF.org on 2024-07-23.			recvordby_Marchesi Paul Country_CH	0	Mihaela C. Ion
WK4524	Pontastacus leptodactylus	46.20891	7.34147	low	1996	non-indigenous	introduced	10.15468/dl.k2yafr		Stucki P, Krieg R, Capt S (2021). Swiss National Decapoda Databank. Swiss National Biodiversity Data and Information Centres – infospecies.ch. Occurrence dataset https://doi.org/10.15468/dl.k2yafr accessed via GBIF.org on 2024-07-23.			recvordby_Marchesi Paul Country_CH	0	Mihaela C. Ion
WK4525	Pontastacus leptodactylus	46.25314	7.0172	low	1996	non-indigenous	introduced	10.15468/dl.k2yafr		Stucki P, Krieg R, Capt S (2021). Swiss National Decapoda Databank. Swiss National Biodiversity Data and Information Centres – infospecies.ch. Occurrence dataset https://doi.org/10.15468/dl.k2yafr accessed via GBIF.org on 2024-07-23.			recvordby_Marchesi Paul Country_CH	0	Mihaela C. Ion
WK4526	Pontastacus leptodactylus	46.29887	7.53598	low	1996	non-indigenous	introduced	10.15468/dl.k2yafr		Stucki P, Krieg R, Capt S (2021). Swiss National Decapoda Databank. Swiss National Biodiversity Data and Information Centres – infospecies.ch. Occurrence dataset https://doi.org/10.15468/dl.k2yafr accessed via GBIF.org on 2024-07-23.			recvordby_Marchesi Paul Country_CH	0	Mihaela C. Ion
WK4527	Pontastacus leptodactylus	46.38718	6.82116	low	1996	non-indigenous	introduced	10.15468/dl.k2yafr		Stucki P, Krieg R, Capt S (2021). Swiss National Decapoda Databank. Swiss National Biodiversity Data and Information Centres – infospecies.ch. Occurrence dataset https://doi.org/10.15468/dl.k2yafr accessed via GBIF.org on 2024-07-23.			recvordby_Marchesi Paul Country_CH	0	Mihaela C. Ion
WK4528	Pontastacus leptodactylus	47.10204	8.6572	low	1996	non-indigenous	introduced	10.15468/dl.k2yafr		Stucki P, Krieg R, Capt S (2021). Swiss National Decapoda Databank. Swiss National Biodiversity Data and Information Centres – infospecies.ch. Occurrence dataset https://doi.org/10.15468/dl.k2yafr accessed via GBIF.org on 2024-07-23.			recvordby_Stucki Thomas Country_CH	0	Mihaela C. Ion
WK4529	Pontastacus leptodactylus	47.10272	8.59134	low	1996	non-indigenous	introduced	10.15468/dl.k2yafr		Stucki P, Krieg R, Capt S (2021). Swiss National Decapoda Databank. Swiss National Biodiversity Data and Information Centres – infospecies.ch. Occurrence dataset https://doi.org/10.15468/dl.k2yafr accessed via GBIF.org on 2024-07-23.			recvordby_Vorburger Christoph Country_CH	0	Mihaela C. Ion
WK4530	Pontastacus leptodactylus	47.10336	8.52548	low	1996	non-indigenous	introduced	10.15468/dl.k2yafr		Stucki P, Krieg R, Capt S (2021). Swiss National Decapoda Databank. Swiss National Biodiversity Data and Information Centres – infospecies.ch. Occurrence dataset https://doi.org/10.15468/dl.k2yafr accessed via GBIF.org on 2024-07-23.			recvordby_Gottschalk Gabi Country_CH	0	Mihaela C. Ion
WK4531	Pontastacus leptodactylus	47.27964	8.85953	low	1996	non-indigenous	introduced	10.15468/dl.k2yafr		Stucki P, Krieg R, Capt S (2021). Swiss National Decapoda Databank. Swiss National Biodiversity Data and Information Centres – infospecies.ch. Occurrence dataset https://doi.org/10.15468/dl.k2yafr accessed via GBIF.org on 2024-07-23.			recvordby_UNI_ZH Country_CH	0	Mihaela C. Ion
WK4532	Pontastacus leptodactylus	47.28259	8.59522	low	1996	non-indigenous	introduced	10.15468/dl.k2yafr		Stucki P, Krieg R, Capt S (2021). Swiss National Decapoda Databank. Swiss National Biodiversity Data and Information Centres – infospecies.ch. Occurrence dataset https://doi.org/10.15468/dl.k2yafr accessed via GBIF.org on 2024-07-23.			recvordby_Vorburger Christoph Country_CH	0	Mihaela C. Ion
WK4533	Pontastacus leptodactylus	47.28589	8.19871	low	1996	non-indigenous	introduced	10.15468/dl.k2yafr		Stucki P, Krieg R, Capt S (2021). Swiss National Decapoda Databank. Swiss National Biodiversity Data and Information Centres – infospecies.ch. Occurrence dataset https://doi.org/10.15468/dl.k2yafr accessed via GBIF.org on 2024-07-23.			recvordby_Ruch Markus Country_CH	0	Mihaela C. Ion
WK4534	Pontastacus leptodactylus	47.32756	8.5962	low	1996	non-indigenous	introduced	10.15468/dl.k2yafr		Stucki P, Krieg R, Capt S (2021). Swiss National Decapoda Databank. Swiss National Biodiversity Data and Information Centres – infospecies.ch. Occurrence dataset https://doi.org/10.15468/dl.k2yafr accessed via GBIF.org on 2024-07-23.			recvordby_Stucki Thomas Country_CH	0	Mihaela C. Ion
WK4535	Pontastacus leptodactylus	47.32821	8.53006	low	1996	non-indigenous	introduced	10.15468/dl.k2yafr		Stucki P, Krieg R, Capt S (2021). Swiss National Decapoda Databank. Swiss National Biodiversity Data and Information Centres – infospecies.ch. Occurrence dataset https://doi.org/10.15468/dl.k2yafr accessed via GBIF.org on 2024-07-23.			recvordby_Vorburger Christoph Country_CH	0	Mihaela C. Ion
WK4536	Pontastacus leptodactylus	47.32881	8.46392	low	1996	non-indigenous	introduced	10.15468/dl.k2yafr		Stucki P, Krieg R, Capt S (2021). Swiss National Decapoda Databank. Swiss National Biodiversity Data and Information Centres – infospecies.ch. Occurrence dataset https://doi.org/10.15468/dl.k2yafr accessed via GBIF.org on 2024-07-23.			recvordby_Stucki Thomas Country_CH	0	Mihaela C. Ion
WK4537	Pontastacus leptodactylus	47.37317	8.53098	low	1996	non-indigenous	introduced	10.15468/dl.k2yafr		Stucki P, Krieg R, Capt S (2021). Swiss National Decapoda Databank. Swiss National Biodiversity Data and Information Centres – infospecies.ch. Occurrence dataset https://doi.org/10.15468/dl.k2yafr accessed via GBIF.org on 2024-07-23.			recvordby_Stucki Thomas Country_CH	0	Mihaela C. Ion
WK4538	Pontastacus leptodactylus	47.41875	8.46565	low	1996	non-indigenous	introduced	10.15468/dl.k2yafr		Stucki P, Krieg R, Capt S (2021). Swiss National Decapoda Databank. Swiss National Biodiversity Data and Information Centres – infospecies.ch. Occurrence dataset https://doi.org/10.15468/dl.k2yafr accessed via GBIF.org on 2024-07-23.			recvordby_Stucki Thomas Country_CH	0	Mihaela C. Ion
WK4539	Pontastacus leptodactylus	47.44695	9.65973	low	1996	non-indigenous	introduced	10.15468/dl.k2yafr		Stucki P, Krieg R, Capt S (2021). Swiss National Decapoda Databank. Swiss National Biodiversity Data and Information Centres – infospecies.ch. Occurrence dataset https://doi.org/10.15468/dl.k2yafr accessed via GBIF.org on 2024-07-23.			recvordby_Jagdverwaltung SG Country_AT	0	Mihaela C. Ion
WK4540	Pontastacus leptodactylus	47.49438	9.52896	low	1996	non-indigenous	introduced	10.15468/dl.k2yafr		Stucki P, Krieg R, Capt S (2021). Swiss National Decapoda Databank. Swiss National Biodiversity Data and Information Centres – infospecies.ch. Occurrence dataset https://doi.org/10.15468/dl.k2yafr accessed via GBIF.org on 2024-07-23.			recvordby_Jagdverwaltung SG Country_CH	0	Mihaela C. Ion
WK4541	Pontastacus leptodactylus	47.10204	8.6572	low	1997	non-indigenous	introduced	10.15468/dl.k2yafr		Stucki P, Krieg R, Capt S (2021). Swiss National Decapoda Databank. Swiss National Biodiversity Data and Information Centres – infospecies.ch. Occurrence dataset https://doi.org/10.15468/dl.k2yafr accessed via GBIF.org on 2024-07-23.			recvordby_Stucki Thomas Country_CH	0	Mihaela C. Ion
WK4542	Pontastacus leptodactylus	47.10272	8.59134	low	1997	non-indigenous	introduced	10.15468/dl.k2yafr		Stucki P, Krieg R, Capt S (2021). Swiss National Decapoda Databank. Swiss National Biodiversity Data and Information Centres – infospecies.ch. Occurrence dataset https://doi.org/10.15468/dl.k2yafr accessed via GBIF.org on 2024-07-23.			recvordby_Stucki Thomas Country_CH	0	Mihaela C. Ion
WK4543	Pontastacus leptodactylus	47.14701	8.65822	low	1997	non-indigenous	introduced	10.15468/dl.k2yafr		Stucki P, Krieg R, Capt S (2021). Swiss National Decapoda Databank. Swiss National Biodiversity Data and Information Centres – infospecies.ch. Occurrence dataset https://doi.org/10.15468/dl.k2yafr accessed via GBIF.org on 2024-07-23.			recvordby_Stucki Thomas Country_CH	0	Mihaela C. Ion
WK4544	Pontastacus leptodactylus	47.14769	8.59231	low	1997	non-indigenous	introduced	10.15468/dl.k2yafr		Stucki P, Krieg R, Capt S (2021). Swiss National Decapoda Databank. Swiss National Biodiversity Data and Information Centres – infospecies.ch. Occurrence dataset https://doi.org/10.15468/dl.k2yafr accessed via GBIF.org on 2024-07-23.			recvordby_Stucki Thomas Country_CH	0	Mihaela C. Ion
WK4545	Pontastacus leptodactylus	47.28589	8.19871	low	1997	non-indigenous	introduced	10.15468/dl.k2yafr		Stucki P, Krieg R, Capt S (2021). Swiss National Decapoda Databank. Swiss National Biodiversity Data and Information Centres – infospecies.ch. Occurrence dataset https://doi.org/10.15468/dl.k2yafr accessed via GBIF.org on 2024-07-23.			recvordby_Schibler Stefan Country_CH	0	Mihaela C. Ion
WK4546	Pontastacus leptodactylus	47.32821	8.53006	low	1997	non-indigenous	introduced	10.15468/dl.k2yafr		Stucki P, Krieg R, Capt S (2021). Swiss National Decapoda Databank. Swiss National Biodiversity Data and Information Centres – infospecies.ch. Occurrence dataset https://doi.org/10.15468/dl.k2yafr accessed via GBIF.org on 2024-07-23.			recvordby_Stucki Thomas Country_CH	0	Mihaela C. Ion
WK4547	Pontastacus leptodactylus	47.41875	8.46565	low	1997	non-indigenous	introduced	10.15468/dl.k2yafr		Stucki P, Krieg R, Capt S (2021). Swiss National Decapoda Databank. Swiss National Biodiversity Data and Information Centres – infospecies.ch. Occurrence dataset https://doi.org/10.15468/dl.k2yafr accessed via GBIF.org on 2024-07-23.			recvordby_Stucki Thomas Country_CH	0	Mihaela C. Ion
WK4548	Pontastacus leptodactylus	47.49438	9.52896	low	1997	non-indigenous	introduced	10.15468/dl.k2yafr		Stucki P, Krieg R, Capt S (2021). Swiss National Decapoda Databank. Swiss National Biodiversity Data and Information Centres – infospecies.ch. Occurrence dataset https://doi.org/10.15468/dl.k2yafr accessed via GBIF.org on 2024-07-23.			recvordby_Jagdverwaltung SG Country_CH	0	Mihaela C. Ion
WK4549	Pontastacus leptodactylus	47.49556	9.46263	low	1997	non-indigenous	introduced	10.15468/dl.k2yafr		Stucki P, Krieg R, Capt S (2021). Swiss National Decapoda Databank. Swiss National Biodiversity Data and Information Centres – infospecies.ch. Occurrence dataset https://doi.org/10.15468/dl.k2yafr accessed via GBIF.org on 2024-07-23.			recvordby_Jagdverwaltung SG Country_CH	0	Mihaela C. Ion
WK4550	Pontastacus leptodactylus	46.11843	7.08292	low	1998	non-indigenous	introduced	10.15468/dl.k2yafr		Stucki P, Krieg R, Capt S (2021). Swiss National Decapoda Databank. Swiss National Biodiversity Data and Information Centres – infospecies.ch. Occurrence dataset https://doi.org/10.15468/dl.k2yafr accessed via GBIF.org on 2024-07-23.			recvordby_Marchesi Paul Country_CH	0	Mihaela C. Ion
WK4551	Pontastacus leptodactylus	46.3375	6.23723	low	1998	non-indigenous	introduced	10.15468/dl.k2yafr		Stucki P, Krieg R, Capt S (2021). Swiss National Decapoda Databank. Swiss National Biodiversity Data and Information Centres – infospecies.ch. Occurrence dataset https://doi.org/10.15468/dl.k2yafr accessed via GBIF.org on 2024-07-23.			recvordby_Laurent P.-J. Country_FR	0	Mihaela C. Ion
WK4552	Pontastacus leptodactylus	46.70292	7.8636	low	1998	non-indigenous	introduced	10.15468/dl.k2yafr		Stucki P, Krieg R, Capt S (2021). Swiss National Decapoda Databank. Swiss National Biodiversity Data and Information Centres – infospecies.ch. Occurrence dataset https://doi.org/10.15468/dl.k2yafr accessed via GBIF.org on 2024-07-23.			recvordby_Roth Hans Country_CH	0	Mihaela C. Ion
WK4553	Pontastacus leptodactylus	46.92284	8.58748	low	1998	non-indigenous	introduced	10.15468/dl.k2yafr		Stucki P, Krieg R, Capt S (2021). Swiss National Decapoda Databank. Swiss National Biodiversity Data and Information Centres – infospecies.ch. Occurrence dataset https://doi.org/10.15468/dl.k2yafr accessed via GBIF.org on 2024-07-23.			recvordby_Grebe Birgit Country_CH	0	Mihaela C. Ion
WK4554	Pontastacus leptodactylus	47.10272	8.59134	low	1998	non-indigenous	introduced	10.15468/dl.k2yafr		Stucki P, Krieg R, Capt S (2021). Swiss National Decapoda Databank. Swiss National Biodiversity Data and Information Centres – infospecies.ch. Occurrence dataset https://doi.org/10.15468/dl.k2yafr accessed via GBIF.org on 2024-07-23.			recvordby_Stucki Thomas Country_CH	0	Mihaela C. Ion
WK4555	Pontastacus leptodactylus	47.10397	8.45962	low	1998	non-indigenous	introduced	10.15468/dl.k2yafr		Stucki P, Krieg R, Capt S (2021). Swiss National Decapoda Databank. Swiss National Biodiversity Data and Information Centres – infospecies.ch. Occurrence dataset https://doi.org/10.15468/dl.k2yafr accessed via GBIF.org on 2024-07-23.			recvordby_Füchslin Hanspeter Country_CH	0	Mihaela C. Ion
WK4556	Pontastacus leptodactylus	47.10845	7.53744	low	1998	non-indigenous	introduced	10.15468/dl.k2yafr		Stucki P, Krieg R, Capt S (2021). Swiss National Decapoda Databank. Swiss National Biodiversity Data and Information Centres – infospecies.ch. Occurrence dataset https://doi.org/10.15468/dl.k2yafr accessed via GBIF.org on 2024-07-23.			recvordby_Flück Markus Country_CH	0	Mihaela C. Ion
WK4557	Pontastacus leptodactylus	47.15343	7.53752	low	1998	non-indigenous	introduced	10.15468/dl.k2yafr		Stucki P, Krieg R, Capt S (2021). Swiss National Decapoda Databank. Swiss National Biodiversity Data and Information Centres – infospecies.ch. Occurrence dataset https://doi.org/10.15468/dl.k2yafr accessed via GBIF.org on 2024-07-23.			recvordby_Flück Markus Country_CH	0	Mihaela C. Ion
WK4558	Pontastacus leptodactylus	47.23384	8.92435	low	1998	non-indigenous	introduced	10.15468/dl.k2yafr		Stucki P, Krieg R, Capt S (2021). Swiss National Decapoda Databank. Swiss National Biodiversity Data and Information Centres – infospecies.ch. Occurrence dataset https://doi.org/10.15468/dl.k2yafr accessed via GBIF.org on 2024-07-23.			recvordby_Stucki Thomas Country_CH	0	Mihaela C. Ion
WK4559	Pontastacus leptodactylus	47.33086	8.19935	low	1998	non-indigenous	introduced	10.15468/dl.k2yafr		Stucki P, Krieg R, Capt S (2021). Swiss National Decapoda Databank. Swiss National Biodiversity Data and Information Centres – infospecies.ch. Occurrence dataset https://doi.org/10.15468/dl.k2yafr accessed via GBIF.org on 2024-07-23.			recvordby_Stucki Thomas Country_CH	0	Mihaela C. Ion
WK4560	Pontastacus leptodactylus	47.33165	8.06705	low	1998	non-indigenous	introduced	10.15468/dl.k2yafr		Stucki P, Krieg R, Capt S (2021). Swiss National Decapoda Databank. Swiss National Biodiversity Data and Information Centres – infospecies.ch. Occurrence dataset https://doi.org/10.15468/dl.k2yafr accessed via GBIF.org on 2024-07-23.			recvordby_Jean-Richard Peter & Judith Country_CH	0	Mihaela C. Ion
WK4561	Pontastacus leptodactylus	47.37317	8.53098	low	1998	non-indigenous	introduced	10.15468/dl.k2yafr		Stucki P, Krieg R, Capt S (2021). Swiss National Decapoda Databank. Swiss National Biodiversity Data and Information Centres – infospecies.ch. Occurrence dataset https://doi.org/10.15468/dl.k2yafr accessed via GBIF.org on 2024-07-23.			recvordby_Maag Heinz Country_CH	0	Mihaela C. Ion
WK4562	Pontastacus leptodactylus	47.44695	9.65973	low	1998	non-indigenous	introduced	10.15468/dl.k2yafr		Stucki P, Krieg R, Capt S (2021). Swiss National Decapoda Databank. Swiss National Biodiversity Data and Information Centres – infospecies.ch. Occurrence dataset https://doi.org/10.15468/dl.k2yafr accessed via GBIF.org on 2024-07-23.			recvordby_Jagdverwaltung SG Country_AT	0	Mihaela C. Ion
WK4563	Pontastacus leptodactylus	47.46482	8.3339	low	1998	non-indigenous	introduced	10.15468/dl.k2yafr		Stucki P, Krieg R, Capt S (2021). Swiss National Decapoda Databank. Swiss National Biodiversity Data and Information Centres – infospecies.ch. Occurrence dataset https://doi.org/10.15468/dl.k2yafr accessed via GBIF.org on 2024-07-23.			recvordby_Acklin Rolf Country_CH	0	Mihaela C. Ion
WK4564	Pontastacus leptodactylus	47.4919	9.66161	low	1998	non-indigenous	introduced	10.15468/dl.k2yafr		Stucki P, Krieg R, Capt S (2021). Swiss National Decapoda Databank. Swiss National Biodiversity Data and Information Centres – infospecies.ch. Occurrence dataset https://doi.org/10.15468/dl.k2yafr accessed via GBIF.org on 2024-07-23.			recvordby_Kugler Michael Country_AT	0	Mihaela C. Ion
WK4565	Pontastacus leptodactylus	47.49438	9.52896	low	1998	non-indigenous	introduced	10.15468/dl.k2yafr		Stucki P, Krieg R, Capt S (2021). Swiss National Decapoda Databank. Swiss National Biodiversity Data and Information Centres – infospecies.ch. Occurrence dataset https://doi.org/10.15468/dl.k2yafr accessed via GBIF.org on 2024-07-23.			recvordby_Jagdverwaltung SG Country_CH	0	Mihaela C. Ion
WK4566	Pontastacus leptodactylus	46.25314	7.0172	low	1999	non-indigenous	introduced	10.15468/dl.k2yafr		Stucki P, Krieg R, Capt S (2021). Swiss National Decapoda Databank. Swiss National Biodiversity Data and Information Centres – infospecies.ch. Occurrence dataset https://doi.org/10.15468/dl.k2yafr accessed via GBIF.org on 2024-07-23.			recvordby_Marchesi Paul Country_CH	0	Mihaela C. Ion
WK4567	Pontastacus leptodactylus	47.27964	8.85953	low	1999	non-indigenous	introduced	10.15468/dl.k2yafr		Stucki P, Krieg R, Capt S (2021). Swiss National Decapoda Databank. Swiss National Biodiversity Data and Information Centres – infospecies.ch. Occurrence dataset https://doi.org/10.15468/dl.k2yafr accessed via GBIF.org on 2024-07-23.			recvordby_Vogt Hans-Peter Country_CH	0	Mihaela C. Ion
WK4568	Pontastacus leptodactylus	47.32756	8.5962	low	1999	non-indigenous	introduced	10.15468/dl.k2yafr		Stucki P, Krieg R, Capt S (2021). Swiss National Decapoda Databank. Swiss National Biodiversity Data and Information Centres – infospecies.ch. Occurrence dataset https://doi.org/10.15468/dl.k2yafr accessed via GBIF.org on 2024-07-23.			recvordby_Vogt Hans-Peter Country_CH	0	Mihaela C. Ion
WK4569	Pontastacus leptodactylus	46.29887	7.53598	low	2000	non-indigenous	introduced	10.15468/dl.k2yafr		Stucki P, Krieg R, Capt S (2021). Swiss National Decapoda Databank. Swiss National Biodiversity Data and Information Centres – infospecies.ch. Occurrence dataset https://doi.org/10.15468/dl.k2yafr accessed via GBIF.org on 2024-07-23.			recvordby_Cardinaux Olivier Country_CH	0	Mihaela C. Ion
WK4570	Pontastacus leptodactylus	47.19844	7.47162	low	2000	non-indigenous	introduced	10.15468/dl.k2yafr		Stucki P, Krieg R, Capt S (2021). Swiss National Decapoda Databank. Swiss National Biodiversity Data and Information Centres – infospecies.ch. Occurrence dataset https://doi.org/10.15468/dl.k2yafr accessed via GBIF.org on 2024-07-23.			recvordby_Jean-Richard Peter & Judith Country_CH	0	Mihaela C. Ion
WK4571	Pontastacus leptodactylus	47.28044	8.79346	low	2000	non-indigenous	introduced	10.15468/dl.k2yafr		Stucki P, Krieg R, Capt S (2021). Swiss National Decapoda Databank. Swiss National Biodiversity Data and Information Centres – infospecies.ch. Occurrence dataset https://doi.org/10.15468/dl.k2yafr accessed via GBIF.org on 2024-07-23.			recvordby_Vogt Hans-Peter Country_CH	0	Mihaela C. Ion
WK4572	Pontastacus leptodactylus	47.41875	8.46565	low	2000	non-indigenous	introduced	10.15468/dl.k2yafr		Stucki P, Krieg R, Capt S (2021). Swiss National Decapoda Databank. Swiss National Biodiversity Data and Information Centres – infospecies.ch. Occurrence dataset https://doi.org/10.15468/dl.k2yafr accessed via GBIF.org on 2024-07-23.			recvordby_Balsiger Karl Country_CH	0	Mihaela C. Ion
WK4573	Pontastacus leptodactylus	47.49438	9.52896	low	2000	non-indigenous	introduced	10.15468/dl.k2yafr		Stucki P, Krieg R, Capt S (2021). Swiss National Decapoda Databank. Swiss National Biodiversity Data and Information Centres – infospecies.ch. Occurrence dataset https://doi.org/10.15468/dl.k2yafr accessed via GBIF.org on 2024-07-23.			recvordby_Jagdverwaltung SG Country_CH	0	Mihaela C. Ion
WK4574	Pontastacus leptodactylus	47.60306	7.60484	low	2000	non-indigenous	introduced	10.15468/dl.k2yafr		Stucki P, Krieg R, Capt S (2021). Swiss National Decapoda Databank. Swiss National Biodiversity Data and Information Centres – infospecies.ch. Occurrence dataset https://doi.org/10.15468/dl.k2yafr accessed via GBIF.org on 2024-07-23.			recvordby_Bohn Patrick Country_DE	0	Mihaela C. Ion
WK4575	Pontastacus leptodactylus	47.68258	9.00354	low	2000	non-indigenous	introduced	10.15468/dl.k2yafr		Stucki P, Krieg R, Capt S (2021). Swiss National Decapoda Databank. Swiss National Biodiversity Data and Information Centres – infospecies.ch. Occurrence dataset https://doi.org/10.15468/dl.k2yafr accessed via GBIF.org on 2024-07-23.			recvordby_Egloff Kurt Country_DE	0	Mihaela C. Ion
WK4576	Pontastacus leptodactylus	47.33165	8.06705	low	2001	non-indigenous	introduced	10.15468/dl.k2yafr		Stucki P, Krieg R, Capt S (2021). Swiss National Decapoda Databank. Swiss National Biodiversity Data and Information Centres – infospecies.ch. Occurrence dataset https://doi.org/10.15468/dl.k2yafr accessed via GBIF.org on 2024-07-23.			recvordby_Jean-Richard Peter & Judith Country_CH	0	Mihaela C. Ion
WK4577	Pontastacus leptodactylus	47.44695	9.65973	low	2001	non-indigenous	introduced	10.15468/dl.k2yafr		Stucki P, Krieg R, Capt S (2021). Swiss National Decapoda Databank. Swiss National Biodiversity Data and Information Centres – infospecies.ch. Occurrence dataset https://doi.org/10.15468/dl.k2yafr accessed via GBIF.org on 2024-07-23.			recvordby_Jagdverwaltung SG Country_AT	0	Mihaela C. Ion
WK4578	Pontastacus leptodactylus	47.32821	8.53006	low	2003	non-indigenous	introduced	10.15468/dl.k2yafr		Stucki P, Krieg R, Capt S (2021). Swiss National Decapoda Databank. Swiss National Biodiversity Data and Information Centres – infospecies.ch. Occurrence dataset https://doi.org/10.15468/dl.k2yafr accessed via GBIF.org on 2024-07-23.			recvordby_Steinmann Patrick Country_CH	0	Mihaela C. Ion
WK4579	Pontastacus leptodactylus	47.33165	8.06705	low	2003	non-indigenous	introduced	10.15468/dl.k2yafr		Stucki P, Krieg R, Capt S (2021). Swiss National Decapoda Databank. Swiss National Biodiversity Data and Information Centres – infospecies.ch. Occurrence dataset https://doi.org/10.15468/dl.k2yafr accessed via GBIF.org on 2024-07-23.			recvordby_Acklin Rolf Country_CH	0	Mihaela C. Ion
WK4580	Pontastacus leptodactylus	46.25314	7.0172	low	2004	non-indigenous	introduced	10.15468/dl.k2yafr		Stucki P, Krieg R, Capt S (2021). Swiss National Decapoda Databank. Swiss National Biodiversity Data and Information Centres – infospecies.ch. Occurrence dataset https://doi.org/10.15468/dl.k2yafr accessed via GBIF.org on 2024-07-23.			recvordby_Marchesi Paul Country_CH	0	Mihaela C. Ion
WK4581	Pontastacus leptodactylus	47.32821	8.53006	low	2004	non-indigenous	introduced	10.15468/dl.k2yafr		Stucki P, Krieg R, Capt S (2021). Swiss National Decapoda Databank. Swiss National Biodiversity Data and Information Centres – infospecies.ch. Occurrence dataset https://doi.org/10.15468/dl.k2yafr accessed via GBIF.org on 2024-07-23.			recvordby_Maag Heinz Country_CH	0	Mihaela C. Ion
WK4582	Pontastacus leptodactylus	47.19844	7.47162	low	2005	non-indigenous	introduced	10.15468/dl.k2yafr		Stucki P, Krieg R, Capt S (2021). Swiss National Decapoda Databank. Swiss National Biodiversity Data and Information Centres – infospecies.ch. Occurrence dataset https://doi.org/10.15468/dl.k2yafr accessed via GBIF.org on 2024-07-23.			recvordby_Stuker Beat Country_CH	0	Mihaela C. Ion
WK4583	Pontastacus leptodactylus	47.54051	9.46434	low	2005	non-indigenous	introduced	10.15468/dl.k2yafr		Stucki P, Krieg R, Capt S (2021). Swiss National Decapoda Databank. Swiss National Biodiversity Data and Information Centres – infospecies.ch. Occurrence dataset https://doi.org/10.15468/dl.k2yafr accessed via GBIF.org on 2024-07-23.			recvordby_Zellweger Markus Country_CH	0	Mihaela C. Ion
WK4584	Pontastacus leptodactylus	47.19844	7.47162	low	2006	non-indigenous	introduced	10.15468/dl.k2yafr		Stucki P, Krieg R, Capt S (2021). Swiss National Decapoda Databank. Swiss National Biodiversity Data and Information Centres – infospecies.ch. Occurrence dataset https://doi.org/10.15468/dl.k2yafr accessed via GBIF.org on 2024-07-23.			recvordby_Stuker Beat Country_CH	0	Mihaela C. Ion
WK4585	Pontastacus leptodactylus	47.28259	8.59522	low	2006	non-indigenous	introduced	10.15468/dl.k2yafr		Stucki P, Krieg R, Capt S (2021). Swiss National Decapoda Databank. Swiss National Biodiversity Data and Information Centres – infospecies.ch. Occurrence dataset https://doi.org/10.15468/dl.k2yafr accessed via GBIF.org on 2024-07-23.			recvordby_Steinmann Patrick Country_CH	0	Mihaela C. Ion
WK4586	Pontastacus leptodactylus	47.32821	8.53006	low	2006	non-indigenous	introduced	10.15468/dl.k2yafr		Stucki P, Krieg R, Capt S (2021). Swiss National Decapoda Databank. Swiss National Biodiversity Data and Information Centres – infospecies.ch. Occurrence dataset https://doi.org/10.15468/dl.k2yafr accessed via GBIF.org on 2024-07-23.			recvordby_Steinmann Patrick Country_CH	0	Mihaela C. Ion
WK4587	Pontastacus leptodactylus	47.49556	9.46263	low	2007	non-indigenous	introduced	10.15468/dl.k2yafr		Stucki P, Krieg R, Capt S (2021). Swiss National Decapoda Databank. Swiss National Biodiversity Data and Information Centres – infospecies.ch. Occurrence dataset https://doi.org/10.15468/dl.k2yafr accessed via GBIF.org on 2024-07-23.			recvordby_Jagdverwaltung SG Country_CH	0	Mihaela C. Ion
WK4588	Pontastacus leptodactylus	47.68258	9.00354	low	2007	non-indigenous	introduced	10.15468/dl.k2yafr		Stucki P, Krieg R, Capt S (2021). Swiss National Decapoda Databank. Swiss National Biodiversity Data and Information Centres – infospecies.ch. Occurrence dataset https://doi.org/10.15468/dl.k2yafr accessed via GBIF.org on 2024-07-23.			recvordby_Egloff Kurt Country_DE	0	Mihaela C. Ion
WK4589	Pontastacus leptodactylus	47.27964	8.85953	low	2008	non-indigenous	introduced	10.15468/dl.k2yafr		Stucki P, Krieg R, Capt S (2021). Swiss National Decapoda Databank. Swiss National Biodiversity Data and Information Centres – infospecies.ch. Occurrence dataset https://doi.org/10.15468/dl.k2yafr accessed via GBIF.org on 2024-07-23.			recvordby_Hertig Andreas Country_CH	0	Mihaela C. Ion
WK4590	Pontastacus leptodactylus	47.32881	8.46392	low	2008	non-indigenous	introduced	10.15468/dl.k2yafr		Stucki P, Krieg R, Capt S (2021). Swiss National Decapoda Databank. Swiss National Biodiversity Data and Information Centres – infospecies.ch. Occurrence dataset https://doi.org/10.15468/dl.k2yafr accessed via GBIF.org on 2024-07-23.			recvordby_Senteler Alfred Country_CH	0	Mihaela C. Ion
WK4591	Pontastacus leptodactylus	47.37663	8.06758	low	2008	non-indigenous	introduced	10.15468/dl.k2yafr		Stucki P, Krieg R, Capt S (2021). Swiss National Decapoda Databank. Swiss National Biodiversity Data and Information Centres – infospecies.ch. Occurrence dataset https://doi.org/10.15468/dl.k2yafr accessed via GBIF.org on 2024-07-23.			recvordby_Bolliger Martin Country_CH	0	Mihaela C. Ion
WK4592	Pontastacus leptodactylus	47.19844	7.47162	low	2009	non-indigenous	introduced	10.15468/dl.k2yafr		Stucki P, Krieg R, Capt S (2021). Swiss National Decapoda Databank. Swiss National Biodiversity Data and Information Centres – infospecies.ch. Occurrence dataset https://doi.org/10.15468/dl.k2yafr accessed via GBIF.org on 2024-07-23.			recvordby_Gerke David Country_CH	0	Mihaela C. Ion
WK4593	Pontastacus leptodactylus	47.23547	8.79232	low	2009	non-indigenous	introduced	10.15468/dl.k2yafr		Stucki P, Krieg R, Capt S (2021). Swiss National Decapoda Databank. Swiss National Biodiversity Data and Information Centres – infospecies.ch. Occurrence dataset https://doi.org/10.15468/dl.k2yafr accessed via GBIF.org on 2024-07-23.			recvordby_Jagdverwaltung SG Country_CH	0	Mihaela C. Ion
WK4594	Pontastacus leptodactylus	47.37663	8.06758	low	2009	non-indigenous	introduced	10.15468/dl.k2yafr		Stucki P, Krieg R, Capt S (2021). Swiss National Decapoda Databank. Swiss National Biodiversity Data and Information Centres – infospecies.ch. Occurrence dataset https://doi.org/10.15468/dl.k2yafr accessed via GBIF.org on 2024-07-23.			recvordby_Acklin Rolf Country_CH	0	Mihaela C. Ion
WK4595	Pontastacus leptodactylus	47.55798	7.67113	low	2009	non-indigenous	introduced	10.15468/dl.k2yafr		Stucki P, Krieg R, Capt S (2021). Swiss National Decapoda Databank. Swiss National Biodiversity Data and Information Centres – infospecies.ch. Occurrence dataset https://doi.org/10.15468/dl.k2yafr accessed via GBIF.org on 2024-07-23.			recvordby_Jermann Hans-Peter Country_DE	0	Mihaela C. Ion
WK4596	Pontastacus leptodactylus	46.20891	7.34147	low	2010	non-indigenous	introduced	10.15468/dl.k2yafr		Stucki P, Krieg R, Capt S (2021). Swiss National Decapoda Databank. Swiss National Biodiversity Data and Information Centres – infospecies.ch. Occurrence dataset https://doi.org/10.15468/dl.k2yafr accessed via GBIF.org on 2024-07-23.			recvordby_Marchesi Paul Country_CH	0	Mihaela C. Ion
WK4597	Pontastacus leptodactylus	47.10272	8.59134	low	2010	non-indigenous	introduced	10.15468/dl.k2yafr		Stucki P, Krieg R, Capt S (2021). Swiss National Decapoda Databank. Swiss National Biodiversity Data and Information Centres – infospecies.ch. Occurrence dataset https://doi.org/10.15468/dl.k2yafr accessed via GBIF.org on 2024-07-23.			recvordby_Tesini Christian Country_CH	0	Mihaela C. Ion
WK4598	Pontastacus leptodactylus	47.19844	7.47162	low	2010	non-indigenous	introduced	10.15468/dl.k2yafr		Stucki P, Krieg R, Capt S (2021). Swiss National Decapoda Databank. Swiss National Biodiversity Data and Information Centres – infospecies.ch. Occurrence dataset https://doi.org/10.15468/dl.k2yafr accessed via GBIF.org on 2024-07-23.			recvordby_Gerke David Country_CH	0	Mihaela C. Ion
WK4599	Pontastacus leptodactylus	47.31334	9.58802	low	2010	non-indigenous	introduced	10.15468/dl.k2yafr		Stucki P, Krieg R, Capt S (2021). Swiss National Decapoda Databank. Swiss National Biodiversity Data and Information Centres – infospecies.ch. Occurrence dataset https://doi.org/10.15468/dl.k2yafr accessed via GBIF.org on 2024-07-23.			recvordby_Jagdverwaltung SG Country_AT	0	Mihaela C. Ion
WK4600	Pontastacus leptodactylus	47.49556	9.46263	low	2010	non-indigenous	introduced	10.15468/dl.k2yafr		Stucki P, Krieg R, Capt S (2021). Swiss National Decapoda Databank. Swiss National Biodiversity Data and Information Centres – infospecies.ch. Occurrence dataset https://doi.org/10.15468/dl.k2yafr accessed via GBIF.org on 2024-07-23.			recvordby_Jagdverwaltung SG Country_CH	0	Mihaela C. Ion
WK4601	Pontastacus leptodactylus	47.55798	7.67113	low	2010	non-indigenous	introduced	10.15468/dl.k2yafr		Stucki P, Krieg R, Capt S (2021). Swiss National Decapoda Databank. Swiss National Biodiversity Data and Information Centres – infospecies.ch. Occurrence dataset https://doi.org/10.15468/dl.k2yafr accessed via GBIF.org on 2024-07-23.			recvordby_Jermann Hans-Peter Country_DE	0	Mihaela C. Ion
WK4602	Pontastacus leptodactylus	47.31334	9.58802	low	2011	non-indigenous	introduced	10.15468/dl.k2yafr		Stucki P, Krieg R, Capt S (2021). Swiss National Decapoda Databank. Swiss National Biodiversity Data and Information Centres – infospecies.ch. Occurrence dataset https://doi.org/10.15468/dl.k2yafr accessed via GBIF.org on 2024-07-23.			recvordby_Jagdverwaltung SG Country_AT	0	Mihaela C. Ion
WK4603	Pontastacus leptodactylus	47.32881	8.46392	low	2011	non-indigenous	introduced	10.15468/dl.k2yafr		Stucki P, Krieg R, Capt S (2021). Swiss National Decapoda Databank. Swiss National Biodiversity Data and Information Centres – infospecies.ch. Occurrence dataset https://doi.org/10.15468/dl.k2yafr accessed via GBIF.org on 2024-07-23.			recvordby_Schatz Rolf Country_CH	0	Mihaela C. Ion
WK4604	Pontastacus leptodactylus	47.44695	9.65973	low	2011	non-indigenous	introduced	10.15468/dl.k2yafr		Stucki P, Krieg R, Capt S (2021). Swiss National Decapoda Databank. Swiss National Biodiversity Data and Information Centres – infospecies.ch. Occurrence dataset https://doi.org/10.15468/dl.k2yafr accessed via GBIF.org on 2024-07-23.			recvordby_Jagdverwaltung SG Country_AT	0	Mihaela C. Ion
WK4605	Pontastacus leptodactylus	47.55798	7.67113	low	2011	non-indigenous	introduced	10.15468/dl.k2yafr		Stucki P, Krieg R, Capt S (2021). Swiss National Decapoda Databank. Swiss National Biodiversity Data and Information Centres – infospecies.ch. Occurrence dataset https://doi.org/10.15468/dl.k2yafr accessed via GBIF.org on 2024-07-23.			recvordby_Jermann Hans-Peter Country_DE	0	Mihaela C. Ion
WK4606	Pontastacus leptodactylus	47.19844	7.47162	low	2012	non-indigenous	introduced	10.15468/dl.k2yafr		Stucki P, Krieg R, Capt S (2021). Swiss National Decapoda Databank. Swiss National Biodiversity Data and Information Centres – infospecies.ch. Occurrence dataset https://doi.org/10.15468/dl.k2yafr accessed via GBIF.org on 2024-07-23.			recvordby_Gerke David Country_CH	0	Mihaela C. Ion
WK4607	Pontastacus leptodactylus	47.41875	8.46565	low	2012	non-indigenous	introduced	10.15468/dl.k2yafr		Stucki P, Krieg R, Capt S (2021). Swiss National Decapoda Databank. Swiss National Biodiversity Data and Information Centres – infospecies.ch. Occurrence dataset https://doi.org/10.15468/dl.k2yafr accessed via GBIF.org on 2024-07-23.			recvordby_Schatz Rolf Country_CH	0	Mihaela C. Ion
WK4608	Pontastacus leptodactylus	47.55798	7.67113	low	2012	non-indigenous	introduced	10.15468/dl.k2yafr		Stucki P, Krieg R, Capt S (2021). Swiss National Decapoda Databank. Swiss National Biodiversity Data and Information Centres – infospecies.ch. Occurrence dataset https://doi.org/10.15468/dl.k2yafr accessed via GBIF.org on 2024-07-23.			recvordby_Hall Alsadair Country_DE	0	Mihaela C. Ion
WK4609	Pontastacus leptodactylus	47.31334	9.58802	low	2013	non-indigenous	introduced	10.15468/dl.k2yafr		Stucki P, Krieg R, Capt S (2021). Swiss National Decapoda Databank. Swiss National Biodiversity Data and Information Centres – infospecies.ch. Occurrence dataset https://doi.org/10.15468/dl.k2yafr accessed via GBIF.org on 2024-07-23.			recvordby_Jagdverwaltung SG Country_AT	0	Mihaela C. Ion
WK4610	Pontastacus leptodactylus	47.55798	7.67113	low	2013	non-indigenous	introduced	10.15468/dl.k2yafr		Stucki P, Krieg R, Capt S (2021). Swiss National Decapoda Databank. Swiss National Biodiversity Data and Information Centres – infospecies.ch. Occurrence dataset https://doi.org/10.15468/dl.k2yafr accessed via GBIF.org on 2024-07-23.			recvordby_Jermann Hans-Peter Country_DE	0	Mihaela C. Ion
WK4611	Pontastacus leptodactylus	47.55798	7.67113	low	2014	non-indigenous	introduced	10.15468/dl.k2yafr		Stucki P, Krieg R, Capt S (2021). Swiss National Decapoda Databank. Swiss National Biodiversity Data and Information Centres – infospecies.ch. Occurrence dataset https://doi.org/10.15468/dl.k2yafr accessed via GBIF.org on 2024-07-23.			recvordby_Jermann Hans-Peter Country_DE	0	Mihaela C. Ion
WK4612	Pontastacus leptodactylus	47.31334	9.58802	low	2015	non-indigenous	introduced	10.15468/dl.k2yafr		Stucki P, Krieg R, Capt S (2021). Swiss National Decapoda Databank. Swiss National Biodiversity Data and Information Centres – infospecies.ch. Occurrence dataset https://doi.org/10.15468/dl.k2yafr accessed via GBIF.org on 2024-07-23.			recvordby_Jagdverwaltung SG Country_AT	0	Mihaela C. Ion
WK4613	Pontastacus leptodactylus	47.55798	7.67113	low	2015	non-indigenous	introduced	10.15468/dl.k2yafr		Stucki P, Krieg R, Capt S (2021). Swiss National Decapoda Databank. Swiss National Biodiversity Data and Information Centres – infospecies.ch. Occurrence dataset https://doi.org/10.15468/dl.k2yafr accessed via GBIF.org on 2024-07-23.			recvordby_Jermann Hans-Peter Country_DE	0	Mihaela C. Ion
WK4614	Pontastacus leptodactylus	47.55798	7.67113	low	2016	non-indigenous	introduced	10.15468/dl.k2yafr		Stucki P, Krieg R, Capt S (2021). Swiss National Decapoda Databank. Swiss National Biodiversity Data and Information Centres – infospecies.ch. Occurrence dataset https://doi.org/10.15468/dl.k2yafr accessed via GBIF.org on 2024-07-23.			recvordby_Jermann Hans-Peter Country_DE	0	Mihaela C. Ion
WK4615	Pontastacus leptodactylus	46.20891	7.34147	low	2017	non-indigenous	introduced	10.15468/dl.k2yafr		Stucki P, Krieg R, Capt S (2021). Swiss National Decapoda Databank. Swiss National Biodiversity Data and Information Centres – infospecies.ch. Occurrence dataset https://doi.org/10.15468/dl.k2yafr accessed via GBIF.org on 2024-07-23.			recvordby_Dessimoz Florian Country_CH	0	Mihaela C. Ion
WK4616	Pontastacus leptodactylus	47.55798	7.67113	low	2017	non-indigenous	introduced	10.15468/dl.k2yafr		Stucki P, Krieg R, Capt S (2021). Swiss National Decapoda Databank. Swiss National Biodiversity Data and Information Centres – infospecies.ch. Occurrence dataset https://doi.org/10.15468/dl.k2yafr accessed via GBIF.org on 2024-07-23.			recvordby_Jermann Hans-Peter Country_DE	0	Mihaela C. Ion
WK4617	Pontastacus leptodactylus	47.31334	9.58802	low	2018	non-indigenous	introduced	10.15468/dl.k2yafr		Stucki P, Krieg R, Capt S (2021). Swiss National Decapoda Databank. Swiss National Biodiversity Data and Information Centres – infospecies.ch. Occurrence dataset https://doi.org/10.15468/dl.k2yafr accessed via GBIF.org on 2024-07-23.			recvordby_Rotach Andreas Country_AT	0	Mihaela C. Ion
WK4618	Pontastacus leptodactylus	47.55798	7.67113	low	2018	non-indigenous	introduced	10.15468/dl.k2yafr		Stucki P, Krieg R, Capt S (2021). Swiss National Decapoda Databank. Swiss National Biodiversity Data and Information Centres – infospecies.ch. Occurrence dataset https://doi.org/10.15468/dl.k2yafr accessed via GBIF.org on 2024-07-23.			recvordby_Jermann Hans-Peter Country_DE	0	Mihaela C. Ion
WK4619	Pontastacus leptodactylus	47.44695	9.65973	low	2019	non-indigenous	introduced	10.15468/dl.k2yafr		Stucki P, Krieg R, Capt S (2021). Swiss National Decapoda Databank. Swiss National Biodiversity Data and Information Centres – infospecies.ch. Occurrence dataset https://doi.org/10.15468/dl.k2yafr accessed via GBIF.org on 2024-07-23.			recvordby_Jagdverwaltung SG Country_AT	0	Mihaela C. Ion
WK4620	Pontastacus leptodactylus	47.55798	7.67113	low	2019	non-indigenous	introduced	10.15468/dl.k2yafr		Stucki P, Krieg R, Capt S (2021). Swiss National Decapoda Databank. Swiss National Biodiversity Data and Information Centres – infospecies.ch. Occurrence dataset https://doi.org/10.15468/dl.k2yafr accessed via GBIF.org on 2024-07-23.			recvordby_Jermann Hans-Peter Country_DE	0	Mihaela C. Ion
WK4621	Pontastacus leptodactylus	46.11843	7.08292	low	2020	non-indigenous	introduced	10.15468/dl.k2yafr		Stucki P, Krieg R, Capt S (2021). Swiss National Decapoda Databank. Swiss National Biodiversity Data and Information Centres – infospecies.ch. Occurrence dataset https://doi.org/10.15468/dl.k2yafr accessed via GBIF.org on 2024-07-23.			recvordby_Chatriant Eric Country_CH	0	Mihaela C. Ion
WK4622	Pontastacus leptodactylus	46.96905	8.45705	low	2020	non-indigenous	introduced	10.15468/dl.k2yafr		Stucki P, Krieg R, Capt S (2021). Swiss National Decapoda Databank. Swiss National Biodiversity Data and Information Centres – infospecies.ch. Occurrence dataset https://doi.org/10.15468/dl.k2yafr accessed via GBIF.org on 2024-07-23.			recvordby_Schär Ingrid Country_CH	0	Mihaela C. Ion
WK4623	Pontastacus leptodactylus	47.55798	7.67113	low	2020	non-indigenous	introduced	10.15468/dl.k2yafr		Stucki P, Krieg R, Capt S (2021). Swiss National Decapoda Databank. Swiss National Biodiversity Data and Information Centres – infospecies.ch. Occurrence dataset https://doi.org/10.15468/dl.k2yafr accessed via GBIF.org on 2024-07-23.			recvordby_Jermann Hans-Peter Country_DE	0	Mihaela C. Ion
WK4624	Pontastacus leptodactylus	47.6851	8.80381	low	2020	non-indigenous	introduced	10.15468/dl.k2yafr		Stucki P, Krieg R, Capt S (2021). Swiss National Decapoda Databank. Swiss National Biodiversity Data and Information Centres – infospecies.ch. Occurrence dataset https://doi.org/10.15468/dl.k2yafr accessed via GBIF.org on 2024-07-23.			recvordby_Wasem Patrick Country_CH	0	Mihaela C. Ion
WK4657	Pontastacus leptodactylus	45.563466	21.064585	high	2024	indigenous	native			Unpublished				0	Lucian Pârvulescu
WK6690	Pontastacus leptodactylus	49.05884386	12.37544679	low	2019	indigenous	native		https://kola.opus.hbz-nrw.de/frontdoor/deliver/index/docId/2272/file/Flusskrebse_in_D_MT_Benjamin_Waldmann_2019.pdf	Waldmann, B. (2021). Flusskrebse in Deutschland-Aktueller Stand der Verbreitung heimischer und invasiver gebietsfremder Flusskrebse in Deutschland–Überblick über die erfolgten Schutzmaßnahmen und den damit verbundenen Erfahrungen–Vernetzung der Akteure im Flusskrebsschutz.			grid national georefrenced map	0	Mihaela C. Ion
WK6691	Pontastacus leptodactylus	49.06337913	12.2162548	low	2019	indigenous	native		https://kola.opus.hbz-nrw.de/frontdoor/deliver/index/docId/2272/file/Flusskrebse_in_D_MT_Benjamin_Waldmann_2019.pdf	Waldmann, B. (2021). Flusskrebse in Deutschland-Aktueller Stand der Verbreitung heimischer und invasiver gebietsfremder Flusskrebse in Deutschland–Überblick über die erfolgten Schutzmaßnahmen und den damit verbundenen Erfahrungen–Vernetzung der Akteure im Flusskrebsschutz.			grid national georefrenced map	0	Mihaela C. Ion
WK6692	Pontastacus leptodactylus	48.9680516	12.2162548	low	2019	indigenous	native		https://kola.opus.hbz-nrw.de/frontdoor/deliver/index/docId/2272/file/Flusskrebse_in_D_MT_Benjamin_Waldmann_2019.pdf	Waldmann, B. (2021). Flusskrebse in Deutschland-Aktueller Stand der Verbreitung heimischer und invasiver gebietsfremder Flusskrebse in Deutschland–Überblick über die erfolgten Schutzmaßnahmen und den damit verbundenen Erfahrungen–Vernetzung der Akteure im Flusskrebsschutz.			grid national georefrenced map	0	Mihaela C. Ion
WK6693	Pontastacus leptodactylus	48.73121643	10.71431299	low	2019	indigenous	native		https://kola.opus.hbz-nrw.de/frontdoor/deliver/index/docId/2272/file/Flusskrebse_in_D_MT_Benjamin_Waldmann_2019.pdf	Waldmann, B. (2021). Flusskrebse in Deutschland-Aktueller Stand der Verbreitung heimischer und invasiver gebietsfremder Flusskrebse in Deutschland–Überblick über die erfolgten Schutzmaßnahmen und den damit verbundenen Erfahrungen–Vernetzung der Akteure im Flusskrebsschutz.			grid national georefrenced map	0	Mihaela C. Ion
WK6694	Pontastacus leptodactylus	48.20807713	10.56204239	low	2019	indigenous	native		https://kola.opus.hbz-nrw.de/frontdoor/deliver/index/docId/2272/file/Flusskrebse_in_D_MT_Benjamin_Waldmann_2019.pdf	Waldmann, B. (2021). Flusskrebse in Deutschland-Aktueller Stand der Verbreitung heimischer und invasiver gebietsfremder Flusskrebse in Deutschland–Überblick über die erfolgten Schutzmaßnahmen und den damit verbundenen Erfahrungen–Vernetzung der Akteure im Flusskrebsschutz.			grid national georefrenced map	0	Mihaela C. Ion
WK6695	Pontastacus leptodactylus	48.38305621	9.883746094	low	2019	indigenous	native		https://kola.opus.hbz-nrw.de/frontdoor/deliver/index/docId/2272/file/Flusskrebse_in_D_MT_Benjamin_Waldmann_2019.pdf	Waldmann, B. (2021). Flusskrebse in Deutschland-Aktueller Stand der Verbreitung heimischer und invasiver gebietsfremder Flusskrebse in Deutschland–Überblick über die erfolgten Schutzmaßnahmen und den damit verbundenen Erfahrungen–Vernetzung der Akteure im Flusskrebsschutz.			grid national georefrenced map	0	Mihaela C. Ion
WK6696	Pontastacus leptodactylus	48.20346432	9.76608245	low	2019	indigenous	native		https://kola.opus.hbz-nrw.de/frontdoor/deliver/index/docId/2272/file/Flusskrebse_in_D_MT_Benjamin_Waldmann_2019.pdf	Waldmann, B. (2021). Flusskrebse in Deutschland-Aktueller Stand der Verbreitung heimischer und invasiver gebietsfremder Flusskrebse in Deutschland–Überblick über die erfolgten Schutzmaßnahmen und den damit verbundenen Erfahrungen–Vernetzung der Akteure im Flusskrebsschutz.			grid national georefrenced map	0	Mihaela C. Ion
WK6697	Pontastacus leptodactylus	47.91404867	9.09929397	low	2019	indigenous	native		https://kola.opus.hbz-nrw.de/frontdoor/deliver/index/docId/2272/file/Flusskrebse_in_D_MT_Benjamin_Waldmann_2019.pdf	Waldmann, B. (2021). Flusskrebse in Deutschland-Aktueller Stand der Verbreitung heimischer und invasiver gebietsfremder Flusskrebse in Deutschland–Überblick über die erfolgten Schutzmaßnahmen und den damit verbundenen Erfahrungen–Vernetzung der Akteure im Flusskrebsschutz.			grid national georefrenced map	0	Mihaela C. Ion
WK6698	Pontastacus leptodactylus	47.91949648	9.374502325	low	2019	indigenous	native		https://kola.opus.hbz-nrw.de/frontdoor/deliver/index/docId/2272/file/Flusskrebse_in_D_MT_Benjamin_Waldmann_2019.pdf	Waldmann, B. (2021). Flusskrebse in Deutschland-Aktueller Stand der Verbreitung heimischer und invasiver gebietsfremder Flusskrebse in Deutschland–Überblick über die erfolgten Schutzmaßnahmen und den damit verbundenen Erfahrungen–Vernetzung der Akteure im Flusskrebsschutz.			grid national georefrenced map	0	Mihaela C. Ion
WK6699	Pontastacus leptodactylus	47.83192167	9.928402686	low	2019	indigenous	native		https://kola.opus.hbz-nrw.de/frontdoor/deliver/index/docId/2272/file/Flusskrebse_in_D_MT_Benjamin_Waldmann_2019.pdf	Waldmann, B. (2021). Flusskrebse in Deutschland-Aktueller Stand der Verbreitung heimischer und invasiver gebietsfremder Flusskrebse in Deutschland–Überblick über die erfolgten Schutzmaßnahmen und den damit verbundenen Erfahrungen–Vernetzung der Akteure im Flusskrebsschutz.			grid national georefrenced map	0	Mihaela C. Ion
WK6700	Pontastacus leptodactylus	47.74170979	10.58340147	low	2019	indigenous	native		https://kola.opus.hbz-nrw.de/frontdoor/deliver/index/docId/2272/file/Flusskrebse_in_D_MT_Benjamin_Waldmann_2019.pdf	Waldmann, B. (2021). Flusskrebse in Deutschland-Aktueller Stand der Verbreitung heimischer und invasiver gebietsfremder Flusskrebse in Deutschland–Überblick über die erfolgten Schutzmaßnahmen und den damit verbundenen Erfahrungen–Vernetzung der Akteure im Flusskrebsschutz.			grid national georefrenced map	0	Mihaela C. Ion
WK6701	Pontastacus leptodactylus	47.82826747	10.98619851	low	2019	indigenous	native		https://kola.opus.hbz-nrw.de/frontdoor/deliver/index/docId/2272/file/Flusskrebse_in_D_MT_Benjamin_Waldmann_2019.pdf	Waldmann, B. (2021). Flusskrebse in Deutschland-Aktueller Stand der Verbreitung heimischer und invasiver gebietsfremder Flusskrebse in Deutschland–Überblick über die erfolgten Schutzmaßnahmen und den damit verbundenen Erfahrungen–Vernetzung der Akteure im Flusskrebsschutz.			grid national georefrenced map	0	Mihaela C. Ion
WK6702	Pontastacus leptodactylus	47.99897767	11.38536675	low	2019	indigenous	native		https://kola.opus.hbz-nrw.de/frontdoor/deliver/index/docId/2272/file/Flusskrebse_in_D_MT_Benjamin_Waldmann_2019.pdf	Waldmann, B. (2021). Flusskrebse in Deutschland-Aktueller Stand der Verbreitung heimischer und invasiver gebietsfremder Flusskrebse in Deutschland–Überblick über die erfolgten Schutzmaßnahmen und den damit verbundenen Erfahrungen–Vernetzung der Akteure im Flusskrebsschutz.			grid national georefrenced map	0	Mihaela C. Ion
WK6703	Pontastacus leptodactylus	48.0065652	11.11887659	low	2019	indigenous	native		https://kola.opus.hbz-nrw.de/frontdoor/deliver/index/docId/2272/file/Flusskrebse_in_D_MT_Benjamin_Waldmann_2019.pdf	Waldmann, B. (2021). Flusskrebse in Deutschland-Aktueller Stand der Verbreitung heimischer und invasiver gebietsfremder Flusskrebse in Deutschland–Überblick über die erfolgten Schutzmaßnahmen und den damit verbundenen Erfahrungen–Vernetzung der Akteure im Flusskrebsschutz.			grid national georefrenced map	0	Mihaela C. Ion
WK6704	Pontastacus leptodactylus	47.91924113	11.25212167	low	2019	indigenous	native		https://kola.opus.hbz-nrw.de/frontdoor/deliver/index/docId/2272/file/Flusskrebse_in_D_MT_Benjamin_Waldmann_2019.pdf	Waldmann, B. (2021). Flusskrebse in Deutschland-Aktueller Stand der Verbreitung heimischer und invasiver gebietsfremder Flusskrebse in Deutschland–Überblick über die erfolgten Schutzmaßnahmen und den damit verbundenen Erfahrungen–Vernetzung der Akteure im Flusskrebsschutz.			grid national georefrenced map	0	Mihaela C. Ion
WK6705	Pontastacus leptodactylus	47.82034917	11.24645167	low	2019	indigenous	native		https://kola.opus.hbz-nrw.de/frontdoor/deliver/index/docId/2272/file/Flusskrebse_in_D_MT_Benjamin_Waldmann_2019.pdf	Waldmann, B. (2021). Flusskrebse in Deutschland-Aktueller Stand der Verbreitung heimischer und invasiver gebietsfremder Flusskrebse in Deutschland–Überblick über die erfolgten Schutzmaßnahmen und den damit verbundenen Erfahrungen–Vernetzung der Akteure im Flusskrebsschutz.			grid national georefrenced map	0	Mihaela C. Ion
WK6706	Pontastacus leptodactylus	47.80595133	12.2037963	low	2019	indigenous	native		https://kola.opus.hbz-nrw.de/frontdoor/deliver/index/docId/2272/file/Flusskrebse_in_D_MT_Benjamin_Waldmann_2019.pdf	Waldmann, B. (2021). Flusskrebse in Deutschland-Aktueller Stand der Verbreitung heimischer und invasiver gebietsfremder Flusskrebse in Deutschland–Überblick über die erfolgten Schutzmaßnahmen und den damit verbundenen Erfahrungen–Vernetzung der Akteure im Flusskrebsschutz.			grid national georefrenced map	0	Mihaela C. Ion
WK6707	Pontastacus leptodactylus	47.8921597	12.46071833	low	2019	indigenous	native		https://kola.opus.hbz-nrw.de/frontdoor/deliver/index/docId/2272/file/Flusskrebse_in_D_MT_Benjamin_Waldmann_2019.pdf	Waldmann, B. (2021). Flusskrebse in Deutschland-Aktueller Stand der Verbreitung heimischer und invasiver gebietsfremder Flusskrebse in Deutschland–Überblick über die erfolgten Schutzmaßnahmen und den damit verbundenen Erfahrungen–Vernetzung der Akteure im Flusskrebsschutz.			grid national georefrenced map	0	Mihaela C. Ion
WK6708	Pontastacus leptodactylus	47.74045628	9.780755798	low	2019	non-indigenous	introduced		https://kola.opus.hbz-nrw.de/frontdoor/deliver/index/docId/2272/file/Flusskrebse_in_D_MT_Benjamin_Waldmann_2019.pdf	Waldmann, B. (2021). Flusskrebse in Deutschland-Aktueller Stand der Verbreitung heimischer und invasiver gebietsfremder Flusskrebse in Deutschland–Überblick über die erfolgten Schutzmaßnahmen und den damit verbundenen Erfahrungen–Vernetzung der Akteure im Flusskrebsschutz.			grid national georefrenced map	0	Mihaela C. Ion
WK6709	Pontastacus leptodactylus	47.8166698	9.386114492	low	2019	non-indigenous	introduced		https://kola.opus.hbz-nrw.de/frontdoor/deliver/index/docId/2272/file/Flusskrebse_in_D_MT_Benjamin_Waldmann_2019.pdf	Waldmann, B. (2021). Flusskrebse in Deutschland-Aktueller Stand der Verbreitung heimischer und invasiver gebietsfremder Flusskrebse in Deutschland–Überblick über die erfolgten Schutzmaßnahmen und den damit verbundenen Erfahrungen–Vernetzung der Akteure im Flusskrebsschutz.			grid national georefrenced map	0	Mihaela C. Ion
WK6710	Pontastacus leptodactylus	47.82368719	9.245607273	low	2019	non-indigenous	introduced		https://kola.opus.hbz-nrw.de/frontdoor/deliver/index/docId/2272/file/Flusskrebse_in_D_MT_Benjamin_Waldmann_2019.pdf	Waldmann, B. (2021). Flusskrebse in Deutschland-Aktueller Stand der Verbreitung heimischer und invasiver gebietsfremder Flusskrebse in Deutschland–Überblick über die erfolgten Schutzmaßnahmen und den damit verbundenen Erfahrungen–Vernetzung der Akteure im Flusskrebsschutz.			grid national georefrenced map	0	Mihaela C. Ion
WK6711	Pontastacus leptodactylus	48.43254632	7.752935796	low	2019	non-indigenous	introduced		https://kola.opus.hbz-nrw.de/frontdoor/deliver/index/docId/2272/file/Flusskrebse_in_D_MT_Benjamin_Waldmann_2019.pdf	Waldmann, B. (2021). Flusskrebse in Deutschland-Aktueller Stand der Verbreitung heimischer und invasiver gebietsfremder Flusskrebse in Deutschland–Überblick über die erfolgten Schutzmaßnahmen und den damit verbundenen Erfahrungen–Vernetzung der Akteure im Flusskrebsschutz.			grid national georefrenced map	0	Mihaela C. Ion
WK6712	Pontastacus leptodactylus	49.18259858	9.200466392	low	2019	non-indigenous	introduced		https://kola.opus.hbz-nrw.de/frontdoor/deliver/index/docId/2272/file/Flusskrebse_in_D_MT_Benjamin_Waldmann_2019.pdf	Waldmann, B. (2021). Flusskrebse in Deutschland-Aktueller Stand der Verbreitung heimischer und invasiver gebietsfremder Flusskrebse in Deutschland–Überblick über die erfolgten Schutzmaßnahmen und den damit verbundenen Erfahrungen–Vernetzung der Akteure im Flusskrebsschutz.			grid national georefrenced map	0	Mihaela C. Ion
WK6713	Pontastacus leptodactylus	49.17970303	9.749747967	low	2019	non-indigenous	introduced		https://kola.opus.hbz-nrw.de/frontdoor/deliver/index/docId/2272/file/Flusskrebse_in_D_MT_Benjamin_Waldmann_2019.pdf	Waldmann, B. (2021). Flusskrebse in Deutschland-Aktueller Stand der Verbreitung heimischer und invasiver gebietsfremder Flusskrebse in Deutschland–Überblick über die erfolgten Schutzmaßnahmen und den damit verbundenen Erfahrungen–Vernetzung der Akteure im Flusskrebsschutz.			grid national georefrenced map	0	Mihaela C. Ion
WK6714	Pontastacus leptodactylus	49.27805683	10.02881845	low	2019	non-indigenous	introduced		https://kola.opus.hbz-nrw.de/frontdoor/deliver/index/docId/2272/file/Flusskrebse_in_D_MT_Benjamin_Waldmann_2019.pdf	Waldmann, B. (2021). Flusskrebse in Deutschland-Aktueller Stand der Verbreitung heimischer und invasiver gebietsfremder Flusskrebse in Deutschland–Überblick über die erfolgten Schutzmaßnahmen und den damit verbundenen Erfahrungen–Vernetzung der Akteure im Flusskrebsschutz.			grid national georefrenced map	0	Mihaela C. Ion
WK6715	Pontastacus leptodactylus	49.63510095	10.59138909	low	2019	non-indigenous	introduced		https://kola.opus.hbz-nrw.de/frontdoor/deliver/index/docId/2272/file/Flusskrebse_in_D_MT_Benjamin_Waldmann_2019.pdf	Waldmann, B. (2021). Flusskrebse in Deutschland-Aktueller Stand der Verbreitung heimischer und invasiver gebietsfremder Flusskrebse in Deutschland–Überblick über die erfolgten Schutzmaßnahmen und den damit verbundenen Erfahrungen–Vernetzung der Akteure im Flusskrebsschutz.			grid national georefrenced map	0	Mihaela C. Ion
WK6716	Pontastacus leptodactylus	49.41135258	7.018290293	low	2019	non-indigenous	introduced		https://kola.opus.hbz-nrw.de/frontdoor/deliver/index/docId/2272/file/Flusskrebse_in_D_MT_Benjamin_Waldmann_2019.pdf	Waldmann, B. (2021). Flusskrebse in Deutschland-Aktueller Stand der Verbreitung heimischer und invasiver gebietsfremder Flusskrebse in Deutschland–Überblick über die erfolgten Schutzmaßnahmen und den damit verbundenen Erfahrungen–Vernetzung der Akteure im Flusskrebsschutz.			grid national georefrenced map	0	Mihaela C. Ion
WK6717	Pontastacus leptodactylus	49.41135258	7.135953937	low	2019	non-indigenous	introduced		https://kola.opus.hbz-nrw.de/frontdoor/deliver/index/docId/2272/file/Flusskrebse_in_D_MT_Benjamin_Waldmann_2019.pdf	Waldmann, B. (2021). Flusskrebse in Deutschland-Aktueller Stand der Verbreitung heimischer und invasiver gebietsfremder Flusskrebse in Deutschland–Überblick über die erfolgten Schutzmaßnahmen und den damit verbundenen Erfahrungen–Vernetzung der Akteure im Flusskrebsschutz.			grid national georefrenced map	0	Mihaela C. Ion
WK6718	Pontastacus leptodactylus	49.5103235	7.149796719	low	2019	non-indigenous	introduced		https://kola.opus.hbz-nrw.de/frontdoor/deliver/index/docId/2272/file/Flusskrebse_in_D_MT_Benjamin_Waldmann_2019.pdf	Waldmann, B. (2021). Flusskrebse in Deutschland-Aktueller Stand der Verbreitung heimischer und invasiver gebietsfremder Flusskrebse in Deutschland–Überblick über die erfolgten Schutzmaßnahmen und den damit verbundenen Erfahrungen–Vernetzung der Akteure im Flusskrebsschutz.			grid national georefrenced map	0	Mihaela C. Ion
WK6719	Pontastacus leptodactylus	49.58666415	6.99060473	low	2019	non-indigenous	introduced		https://kola.opus.hbz-nrw.de/frontdoor/deliver/index/docId/2272/file/Flusskrebse_in_D_MT_Benjamin_Waldmann_2019.pdf	Waldmann, B. (2021). Flusskrebse in Deutschland-Aktueller Stand der Verbreitung heimischer und invasiver gebietsfremder Flusskrebse in Deutschland–Überblick über die erfolgten Schutzmaßnahmen und den damit verbundenen Erfahrungen–Vernetzung der Akteure im Flusskrebsschutz.			grid national georefrenced map	0	Mihaela C. Ion
WK6720	Pontastacus leptodactylus	49.68080264	7.274381754	low	2019	non-indigenous	introduced		https://kola.opus.hbz-nrw.de/frontdoor/deliver/index/docId/2272/file/Flusskrebse_in_D_MT_Benjamin_Waldmann_2019.pdf	Waldmann, B. (2021). Flusskrebse in Deutschland-Aktueller Stand der Verbreitung heimischer und invasiver gebietsfremder Flusskrebse in Deutschland–Überblick über die erfolgten Schutzmaßnahmen und den damit verbundenen Erfahrungen–Vernetzung der Akteure im Flusskrebsschutz.			grid national georefrenced map	0	Mihaela C. Ion
WK6721	Pontastacus leptodactylus	49.7792288	7.281303145	low	2019	non-indigenous	introduced		https://kola.opus.hbz-nrw.de/frontdoor/deliver/index/docId/2272/file/Flusskrebse_in_D_MT_Benjamin_Waldmann_2019.pdf	Waldmann, B. (2021). Flusskrebse in Deutschland-Aktueller Stand der Verbreitung heimischer und invasiver gebietsfremder Flusskrebse in Deutschland–Überblick über die erfolgten Schutzmaßnahmen und den damit verbundenen Erfahrungen–Vernetzung der Akteure im Flusskrebsschutz.			grid national georefrenced map	0	Mihaela C. Ion
WK6722	Pontastacus leptodactylus	49.89083453	10.86658359	low	2019	non-indigenous	introduced		https://kola.opus.hbz-nrw.de/frontdoor/deliver/index/docId/2272/file/Flusskrebse_in_D_MT_Benjamin_Waldmann_2019.pdf	Waldmann, B. (2021). Flusskrebse in Deutschland-Aktueller Stand der Verbreitung heimischer und invasiver gebietsfremder Flusskrebse in Deutschland–Überblick über die erfolgten Schutzmaßnahmen und den damit verbundenen Erfahrungen–Vernetzung der Akteure im Flusskrebsschutz.			grid national georefrenced map	0	Mihaela C. Ion
WK6723	Pontastacus leptodactylus	49.97993372	10.72815577	low	2019	non-indigenous	introduced		https://kola.opus.hbz-nrw.de/frontdoor/deliver/index/docId/2272/file/Flusskrebse_in_D_MT_Benjamin_Waldmann_2019.pdf	Waldmann, B. (2021). Flusskrebse in Deutschland-Aktueller Stand der Verbreitung heimischer und invasiver gebietsfremder Flusskrebse in Deutschland–Überblick über die erfolgten Schutzmaßnahmen und den damit verbundenen Erfahrungen–Vernetzung der Akteure im Flusskrebsschutz.			grid national georefrenced map	0	Mihaela C. Ion
WK6724	Pontastacus leptodactylus	50.07775259	10.60357074	low	2019	non-indigenous	introduced		https://kola.opus.hbz-nrw.de/frontdoor/deliver/index/docId/2272/file/Flusskrebse_in_D_MT_Benjamin_Waldmann_2019.pdf	Waldmann, B. (2021). Flusskrebse in Deutschland-Aktueller Stand der Verbreitung heimischer und invasiver gebietsfremder Flusskrebse in Deutschland–Überblick über die erfolgten Schutzmaßnahmen und den damit verbundenen Erfahrungen–Vernetzung der Akteure im Flusskrebsschutz.			grid national georefrenced map	0	Mihaela C. Ion
WK6725	Pontastacus leptodactylus	50.43177957	9.198528402	low	2019	non-indigenous	introduced		https://kola.opus.hbz-nrw.de/frontdoor/deliver/index/docId/2272/file/Flusskrebse_in_D_MT_Benjamin_Waldmann_2019.pdf	Waldmann, B. (2021). Flusskrebse in Deutschland-Aktueller Stand der Verbreitung heimischer und invasiver gebietsfremder Flusskrebse in Deutschland–Überblick über die erfolgten Schutzmaßnahmen und den damit verbundenen Erfahrungen–Vernetzung der Akteure im Flusskrebsschutz.			grid national georefrenced map	0	Mihaela C. Ion
WK6726	Pontastacus leptodactylus	50.32584765	8.08418448	low	2019	non-indigenous	introduced		https://kola.opus.hbz-nrw.de/frontdoor/deliver/index/docId/2272/file/Flusskrebse_in_D_MT_Benjamin_Waldmann_2019.pdf	Waldmann, B. (2021). Flusskrebse in Deutschland-Aktueller Stand der Verbreitung heimischer und invasiver gebietsfremder Flusskrebse in Deutschland–Überblick über die erfolgten Schutzmaßnahmen und den damit verbundenen Erfahrungen–Vernetzung der Akteure im Flusskrebsschutz.			grid national georefrenced map	0	Mihaela C. Ion
WK6727	Pontastacus leptodactylus	50.40972992	7.786564675	low	2019	non-indigenous	introduced		https://kola.opus.hbz-nrw.de/frontdoor/deliver/index/docId/2272/file/Flusskrebse_in_D_MT_Benjamin_Waldmann_2019.pdf	Waldmann, B. (2021). Flusskrebse in Deutschland-Aktueller Stand der Verbreitung heimischer und invasiver gebietsfremder Flusskrebse in Deutschland–Überblick über die erfolgten Schutzmaßnahmen und den damit verbundenen Erfahrungen–Vernetzung der Akteure im Flusskrebsschutz.			grid national georefrenced map	0	Mihaela C. Ion
WK6728	Pontastacus leptodactylus	50.50667158	8.201848124	low	2019	non-indigenous	introduced		https://kola.opus.hbz-nrw.de/frontdoor/deliver/index/docId/2272/file/Flusskrebse_in_D_MT_Benjamin_Waldmann_2019.pdf	Waldmann, B. (2021). Flusskrebse in Deutschland-Aktueller Stand der Verbreitung heimischer und invasiver gebietsfremder Flusskrebse in Deutschland–Überblick über die erfolgten Schutzmaßnahmen und den damit verbundenen Erfahrungen–Vernetzung der Akteure im Flusskrebsschutz.			grid national georefrenced map	0	Mihaela C. Ion
WK6729	Pontastacus leptodactylus	50.50667158	8.367961504	low	2019	non-indigenous	introduced		https://kola.opus.hbz-nrw.de/frontdoor/deliver/index/docId/2272/file/Flusskrebse_in_D_MT_Benjamin_Waldmann_2019.pdf	Waldmann, B. (2021). Flusskrebse in Deutschland-Aktueller Stand der Verbreitung heimischer und invasiver gebietsfremder Flusskrebse in Deutschland–Überblick über die erfolgten Schutzmaßnahmen und den damit verbundenen Erfahrungen–Vernetzung der Akteure im Flusskrebsschutz.			grid national georefrenced map	0	Mihaela C. Ion
WK6730	Pontastacus leptodactylus	50.77533634	8.337739943	low	2019	non-indigenous	introduced		https://kola.opus.hbz-nrw.de/frontdoor/deliver/index/docId/2272/file/Flusskrebse_in_D_MT_Benjamin_Waldmann_2019.pdf	Waldmann, B. (2021). Flusskrebse in Deutschland-Aktueller Stand der Verbreitung heimischer und invasiver gebietsfremder Flusskrebse in Deutschland–Überblick über die erfolgten Schutzmaßnahmen und den damit verbundenen Erfahrungen–Vernetzung der Akteure im Flusskrebsschutz.			grid national georefrenced map	0	Mihaela C. Ion
WK6731	Pontastacus leptodactylus	50.69100119	8.332069939	low	2019	non-indigenous	introduced		https://kola.opus.hbz-nrw.de/frontdoor/deliver/index/docId/2272/file/Flusskrebse_in_D_MT_Benjamin_Waldmann_2019.pdf	Waldmann, B. (2021). Flusskrebse in Deutschland-Aktueller Stand der Verbreitung heimischer und invasiver gebietsfremder Flusskrebse in Deutschland–Überblick über die erfolgten Schutzmaßnahmen und den damit verbundenen Erfahrungen–Vernetzung der Akteure im Flusskrebsschutz.			grid national georefrenced map	0	Mihaela C. Ion
WK6732	Pontastacus leptodactylus	50.69998023	8.476655025	low	2019	non-indigenous	introduced		https://kola.opus.hbz-nrw.de/frontdoor/deliver/index/docId/2272/file/Flusskrebse_in_D_MT_Benjamin_Waldmann_2019.pdf	Waldmann, B. (2021). Flusskrebse in Deutschland-Aktueller Stand der Verbreitung heimischer und invasiver gebietsfremder Flusskrebse in Deutschland–Überblick über die erfolgten Schutzmaßnahmen und den damit verbundenen Erfahrungen–Vernetzung der Akteure im Flusskrebsschutz.			grid national georefrenced map	0	Mihaela C. Ion
WK6733	Pontastacus leptodactylus	50.60291559	8.479490027	low	2019	non-indigenous	introduced		https://kola.opus.hbz-nrw.de/frontdoor/deliver/index/docId/2272/file/Flusskrebse_in_D_MT_Benjamin_Waldmann_2019.pdf	Waldmann, B. (2021). Flusskrebse in Deutschland-Aktueller Stand der Verbreitung heimischer und invasiver gebietsfremder Flusskrebse in Deutschland–Überblick über die erfolgten Schutzmaßnahmen und den damit verbundenen Erfahrungen–Vernetzung der Akteure im Flusskrebsschutz.			grid national georefrenced map	0	Mihaela C. Ion
WK6734	Pontastacus leptodactylus	50.6011162	8.340574945	low	2019	non-indigenous	introduced		https://kola.opus.hbz-nrw.de/frontdoor/deliver/index/docId/2272/file/Flusskrebse_in_D_MT_Benjamin_Waldmann_2019.pdf	Waldmann, B. (2021). Flusskrebse in Deutschland-Aktueller Stand der Verbreitung heimischer und invasiver gebietsfremder Flusskrebse in Deutschland–Überblick über die erfolgten Schutzmaßnahmen und den damit verbundenen Erfahrungen–Vernetzung der Akteure im Flusskrebsschutz.			grid national georefrenced map	0	Mihaela C. Ion
WK6735	Pontastacus leptodactylus	50.6011162	8.201659862	low	2019	non-indigenous	introduced		https://kola.opus.hbz-nrw.de/frontdoor/deliver/index/docId/2272/file/Flusskrebse_in_D_MT_Benjamin_Waldmann_2019.pdf	Waldmann, B. (2021). Flusskrebse in Deutschland-Aktueller Stand der Verbreitung heimischer und invasiver gebietsfremder Flusskrebse in Deutschland–Überblick über die erfolgten Schutzmaßnahmen und den damit verbundenen Erfahrungen–Vernetzung der Akteure im Flusskrebsschutz.			grid national georefrenced map	0	Mihaela C. Ion
WK6736	Pontastacus leptodactylus	50.68740909	8.207329866	low	2019	non-indigenous	introduced		https://kola.opus.hbz-nrw.de/frontdoor/deliver/index/docId/2272/file/Flusskrebse_in_D_MT_Benjamin_Waldmann_2019.pdf	Waldmann, B. (2021). Flusskrebse in Deutschland-Aktueller Stand der Verbreitung heimischer und invasiver gebietsfremder Flusskrebse in Deutschland–Überblick über die erfolgten Schutzmaßnahmen und den damit verbundenen Erfahrungen–Vernetzung der Akteure im Flusskrebsschutz.			grid national georefrenced map	0	Mihaela C. Ion
WK6737	Pontastacus leptodactylus	50.56729889	6.536428928	low	2019	non-indigenous	introduced		https://kola.opus.hbz-nrw.de/frontdoor/deliver/index/docId/2272/file/Flusskrebse_in_D_MT_Benjamin_Waldmann_2019.pdf	Waldmann, B. (2021). Flusskrebse in Deutschland-Aktueller Stand der Verbreitung heimischer und invasiver gebietsfremder Flusskrebse in Deutschland–Überblick über die erfolgten Schutzmaßnahmen und den damit verbundenen Erfahrungen–Vernetzung der Akteure im Flusskrebsschutz.			grid national georefrenced map	0	Mihaela C. Ion
WK6738	Pontastacus leptodactylus	50.72609579	6.533075866	low	2019	non-indigenous	introduced		https://kola.opus.hbz-nrw.de/frontdoor/deliver/index/docId/2272/file/Flusskrebse_in_D_MT_Benjamin_Waldmann_2019.pdf	Waldmann, B. (2021). Flusskrebse in Deutschland-Aktueller Stand der Verbreitung heimischer und invasiver gebietsfremder Flusskrebse in Deutschland–Überblick über die erfolgten Schutzmaßnahmen und den damit verbundenen Erfahrungen–Vernetzung der Akteure im Flusskrebsschutz.			grid national georefrenced map	0	Mihaela C. Ion
WK6739	Pontastacus leptodactylus	50.80837848	6.245863078	low	2019	non-indigenous	introduced		https://kola.opus.hbz-nrw.de/frontdoor/deliver/index/docId/2272/file/Flusskrebse_in_D_MT_Benjamin_Waldmann_2019.pdf	Waldmann, B. (2021). Flusskrebse in Deutschland-Aktueller Stand der Verbreitung heimischer und invasiver gebietsfremder Flusskrebse in Deutschland–Überblick über die erfolgten Schutzmaßnahmen und den damit verbundenen Erfahrungen–Vernetzung der Akteure im Flusskrebsschutz.			grid national georefrenced map	0	Mihaela C. Ion
WK6740	Pontastacus leptodactylus	50.79438042	6.077534853	low	2019	non-indigenous	introduced		https://kola.opus.hbz-nrw.de/frontdoor/deliver/index/docId/2272/file/Flusskrebse_in_D_MT_Benjamin_Waldmann_2019.pdf	Waldmann, B. (2021). Flusskrebse in Deutschland-Aktueller Stand der Verbreitung heimischer und invasiver gebietsfremder Flusskrebse in Deutschland–Überblick über die erfolgten Schutzmaßnahmen und den damit verbundenen Erfahrungen–Vernetzung der Akteure im Flusskrebsschutz.			grid national georefrenced map	0	Mihaela C. Ion
WK6741	Pontastacus leptodactylus	50.83356442	6.928035357	low	2019	non-indigenous	introduced		https://kola.opus.hbz-nrw.de/frontdoor/deliver/index/docId/2272/file/Flusskrebse_in_D_MT_Benjamin_Waldmann_2019.pdf	Waldmann, B. (2021). Flusskrebse in Deutschland-Aktueller Stand der Verbreitung heimischer und invasiver gebietsfremder Flusskrebse in Deutschland–Überblick über die erfolgten Schutzmaßnahmen und den damit verbundenen Erfahrungen–Vernetzung der Akteure im Flusskrebsschutz.			grid national georefrenced map	0	Mihaela C. Ion
WK6742	Pontastacus leptodactylus	50.83356442	6.804004034	low	2019	non-indigenous	introduced		https://kola.opus.hbz-nrw.de/frontdoor/deliver/index/docId/2272/file/Flusskrebse_in_D_MT_Benjamin_Waldmann_2019.pdf	Waldmann, B. (2021). Flusskrebse in Deutschland-Aktueller Stand der Verbreitung heimischer und invasiver gebietsfremder Flusskrebse in Deutschland–Überblick über die erfolgten Schutzmaßnahmen und den damit verbundenen Erfahrungen–Vernetzung der Akteure im Flusskrebsschutz.			grid national georefrenced map	0	Mihaela C. Ion
WK6743	Pontastacus leptodactylus	50.92858872	6.923605667	low	2019	non-indigenous	introduced		https://kola.opus.hbz-nrw.de/frontdoor/deliver/index/docId/2272/file/Flusskrebse_in_D_MT_Benjamin_Waldmann_2019.pdf	Waldmann, B. (2021). Flusskrebse in Deutschland-Aktueller Stand der Verbreitung heimischer und invasiver gebietsfremder Flusskrebse in Deutschland–Überblick über die erfolgten Schutzmaßnahmen und den damit verbundenen Erfahrungen–Vernetzung der Akteure im Flusskrebsschutz.			grid national georefrenced map	0	Mihaela C. Ion
WK6744	Pontastacus leptodactylus	50.93138061	7.060926061	low	2019	non-indigenous	introduced		https://kola.opus.hbz-nrw.de/frontdoor/deliver/index/docId/2272/file/Flusskrebse_in_D_MT_Benjamin_Waldmann_2019.pdf	Waldmann, B. (2021). Flusskrebse in Deutschland-Aktueller Stand der Verbreitung heimischer und invasiver gebietsfremder Flusskrebse in Deutschland–Überblick über die erfolgten Schutzmaßnahmen und den damit verbundenen Erfahrungen–Vernetzung der Akteure im Flusskrebsschutz.			grid national georefrenced map	0	Mihaela C. Ion
WK6745	Pontastacus leptodactylus	51.02899153	7.331137159	low	2019	non-indigenous	introduced		https://kola.opus.hbz-nrw.de/frontdoor/deliver/index/docId/2272/file/Flusskrebse_in_D_MT_Benjamin_Waldmann_2019.pdf	Waldmann, B. (2021). Flusskrebse in Deutschland-Aktueller Stand der Verbreitung heimischer und invasiver gebietsfremder Flusskrebse in Deutschland–Überblick über die erfolgten Schutzmaßnahmen und den damit verbundenen Erfahrungen–Vernetzung der Akteure im Flusskrebsschutz.			grid national georefrenced map	0	Mihaela C. Ion
WK6746	Pontastacus leptodactylus	51.0345631	7.477316933	low	2019	non-indigenous	introduced		https://kola.opus.hbz-nrw.de/frontdoor/deliver/index/docId/2272/file/Flusskrebse_in_D_MT_Benjamin_Waldmann_2019.pdf	Waldmann, B. (2021). Flusskrebse in Deutschland-Aktueller Stand der Verbreitung heimischer und invasiver gebietsfremder Flusskrebse in Deutschland–Überblick über die erfolgten Schutzmaßnahmen und den damit verbundenen Erfahrungen–Vernetzung der Akteure im Flusskrebsschutz.			grid national georefrenced map	0	Mihaela C. Ion
WK6747	Pontastacus leptodactylus	50.9453376	7.495035693	low	2019	non-indigenous	introduced		https://kola.opus.hbz-nrw.de/frontdoor/deliver/index/docId/2272/file/Flusskrebse_in_D_MT_Benjamin_Waldmann_2019.pdf	Waldmann, B. (2021). Flusskrebse in Deutschland-Aktueller Stand der Verbreitung heimischer und invasiver gebietsfremder Flusskrebse in Deutschland–Überblick über die erfolgten Schutzmaßnahmen und den damit verbundenen Erfahrungen–Vernetzung der Akteure im Flusskrebsschutz.			grid national georefrenced map	0	Mihaela C. Ion
WK6748	Pontastacus leptodactylus	51.07545879	6.056216969	low	2019	non-indigenous	introduced		https://kola.opus.hbz-nrw.de/frontdoor/deliver/index/docId/2272/file/Flusskrebse_in_D_MT_Benjamin_Waldmann_2019.pdf	Waldmann, B. (2021). Flusskrebse in Deutschland-Aktueller Stand der Verbreitung heimischer und invasiver gebietsfremder Flusskrebse in Deutschland–Überblick über die erfolgten Schutzmaßnahmen und den damit verbundenen Erfahrungen–Vernetzung der Akteure im Flusskrebsschutz.			grid national georefrenced map	0	Mihaela C. Ion
WK6749	Pontastacus leptodactylus	51.2750661	6.630692407	low	2019	non-indigenous	introduced		https://kola.opus.hbz-nrw.de/frontdoor/deliver/index/docId/2272/file/Flusskrebse_in_D_MT_Benjamin_Waldmann_2019.pdf	Waldmann, B. (2021). Flusskrebse in Deutschland-Aktueller Stand der Verbreitung heimischer und invasiver gebietsfremder Flusskrebse in Deutschland–Überblick über die erfolgten Schutzmaßnahmen und den damit verbundenen Erfahrungen–Vernetzung der Akteure im Flusskrebsschutz.			grid national georefrenced map	0	Mihaela C. Ion
WK6750	Pontastacus leptodactylus	51.37022516	6.471500419	low	2019	non-indigenous	introduced		https://kola.opus.hbz-nrw.de/frontdoor/deliver/index/docId/2272/file/Flusskrebse_in_D_MT_Benjamin_Waldmann_2019.pdf	Waldmann, B. (2021). Flusskrebse in Deutschland-Aktueller Stand der Verbreitung heimischer und invasiver gebietsfremder Flusskrebse in Deutschland–Überblick über die erfolgten Schutzmaßnahmen und den damit verbundenen Erfahrungen–Vernetzung der Akteure im Flusskrebsschutz.			grid national georefrenced map	0	Mihaela C. Ion
WK6751	Pontastacus leptodactylus	51.54164098	6.458133829	low	2019	non-indigenous	introduced		https://kola.opus.hbz-nrw.de/frontdoor/deliver/index/docId/2272/file/Flusskrebse_in_D_MT_Benjamin_Waldmann_2019.pdf	Waldmann, B. (2021). Flusskrebse in Deutschland-Aktueller Stand der Verbreitung heimischer und invasiver gebietsfremder Flusskrebse in Deutschland–Überblick über die erfolgten Schutzmaßnahmen und den damit verbundenen Erfahrungen–Vernetzung der Akteure im Flusskrebsschutz.			grid national georefrenced map	0	Mihaela C. Ion
WK6752	Pontastacus leptodactylus	51.30652849	7.319974339	low	2019	non-indigenous	introduced		https://kola.opus.hbz-nrw.de/frontdoor/deliver/index/docId/2272/file/Flusskrebse_in_D_MT_Benjamin_Waldmann_2019.pdf	Waldmann, B. (2021). Flusskrebse in Deutschland-Aktueller Stand der Verbreitung heimischer und invasiver gebietsfremder Flusskrebse in Deutschland–Überblick über die erfolgten Schutzmaßnahmen und den damit verbundenen Erfahrungen–Vernetzung der Akteure im Flusskrebsschutz.			grid national georefrenced map	0	Mihaela C. Ion
WK6753	Pontastacus leptodactylus	51.21249981	7.200904269	low	2019	non-indigenous	introduced		https://kola.opus.hbz-nrw.de/frontdoor/deliver/index/docId/2272/file/Flusskrebse_in_D_MT_Benjamin_Waldmann_2019.pdf	Waldmann, B. (2021). Flusskrebse in Deutschland-Aktueller Stand der Verbreitung heimischer und invasiver gebietsfremder Flusskrebse in Deutschland–Überblick über die erfolgten Schutzmaßnahmen und den damit verbundenen Erfahrungen–Vernetzung der Akteure im Flusskrebsschutz.			grid national georefrenced map	0	Mihaela C. Ion
WK6754	Pontastacus leptodactylus	51.48341761	7.308634333	low	2019	non-indigenous	introduced		https://kola.opus.hbz-nrw.de/frontdoor/deliver/index/docId/2272/file/Flusskrebse_in_D_MT_Benjamin_Waldmann_2019.pdf	Waldmann, B. (2021). Flusskrebse in Deutschland-Aktueller Stand der Verbreitung heimischer und invasiver gebietsfremder Flusskrebse in Deutschland–Überblick über die erfolgten Schutzmaßnahmen und den damit verbundenen Erfahrungen–Vernetzung der Akteure im Flusskrebsschutz.			grid national georefrenced map	0	Mihaela C. Ion
WK6755	Pontastacus leptodactylus	51.57865348	7.606309509	low	2019	non-indigenous	introduced		https://kola.opus.hbz-nrw.de/frontdoor/deliver/index/docId/2272/file/Flusskrebse_in_D_MT_Benjamin_Waldmann_2019.pdf	Waldmann, B. (2021). Flusskrebse in Deutschland-Aktueller Stand der Verbreitung heimischer und invasiver gebietsfremder Flusskrebse in Deutschland–Überblick über die erfolgten Schutzmaßnahmen und den damit verbundenen Erfahrungen–Vernetzung der Akteure im Flusskrebsschutz.			grid national georefrenced map	0	Mihaela C. Ion
WK6756	Pontastacus leptodactylus	51.67017386	7.450384417	low	2019	non-indigenous	introduced		https://kola.opus.hbz-nrw.de/frontdoor/deliver/index/docId/2272/file/Flusskrebse_in_D_MT_Benjamin_Waldmann_2019.pdf	Waldmann, B. (2021). Flusskrebse in Deutschland-Aktueller Stand der Verbreitung heimischer und invasiver gebietsfremder Flusskrebse in Deutschland–Überblick über die erfolgten Schutzmaßnahmen und den damit verbundenen Erfahrungen–Vernetzung der Akteure im Flusskrebsschutz.			grid national georefrenced map	0	Mihaela C. Ion
WK6757	Pontastacus leptodactylus	51.50294397	8.899247463	low	2019	non-indigenous	introduced		https://kola.opus.hbz-nrw.de/frontdoor/deliver/index/docId/2272/file/Flusskrebse_in_D_MT_Benjamin_Waldmann_2019.pdf	Waldmann, B. (2021). Flusskrebse in Deutschland-Aktueller Stand der Verbreitung heimischer und invasiver gebietsfremder Flusskrebse in Deutschland–Überblick über die erfolgten Schutzmaßnahmen und den damit verbundenen Erfahrungen–Vernetzung der Akteure im Flusskrebsschutz.			grid national georefrenced map	0	Mihaela C. Ion
WK6758	Pontastacus leptodactylus	52.1109754	7.72537958	low	2019	non-indigenous	introduced		https://kola.opus.hbz-nrw.de/frontdoor/deliver/index/docId/2272/file/Flusskrebse_in_D_MT_Benjamin_Waldmann_2019.pdf	Waldmann, B. (2021). Flusskrebse in Deutschland-Aktueller Stand der Verbreitung heimischer und invasiver gebietsfremder Flusskrebse in Deutschland–Überblick über die erfolgten Schutzmaßnahmen und den damit verbundenen Erfahrungen–Vernetzung der Akteure im Flusskrebsschutz.			grid national georefrenced map	0	Mihaela C. Ion
WK6759	Pontastacus leptodactylus	52.30370733	8.008879748	low	2019	non-indigenous	introduced		https://kola.opus.hbz-nrw.de/frontdoor/deliver/index/docId/2272/file/Flusskrebse_in_D_MT_Benjamin_Waldmann_2019.pdf	Waldmann, B. (2021). Flusskrebse in Deutschland-Aktueller Stand der Verbreitung heimischer und invasiver gebietsfremder Flusskrebse in Deutschland–Überblick über die erfolgten Schutzmaßnahmen und den damit verbundenen Erfahrungen–Vernetzung der Akteure im Flusskrebsschutz.			grid national georefrenced map	0	Mihaela C. Ion
WK6760	Pontastacus leptodactylus	52.04836174	8.575880084	low	2019	non-indigenous	introduced		https://kola.opus.hbz-nrw.de/frontdoor/deliver/index/docId/2272/file/Flusskrebse_in_D_MT_Benjamin_Waldmann_2019.pdf	Waldmann, B. (2021). Flusskrebse in Deutschland-Aktueller Stand der Verbreitung heimischer und invasiver gebietsfremder Flusskrebse in Deutschland–Überblick über die erfolgten Schutzmaßnahmen und den damit verbundenen Erfahrungen–Vernetzung der Akteure im Flusskrebsschutz.			grid national georefrenced map	0	Mihaela C. Ion
WK6761	Pontastacus leptodactylus	52.04836174	8.744208309	low	2019	non-indigenous	introduced		https://kola.opus.hbz-nrw.de/frontdoor/deliver/index/docId/2272/file/Flusskrebse_in_D_MT_Benjamin_Waldmann_2019.pdf	Waldmann, B. (2021). Flusskrebse in Deutschland-Aktueller Stand der Verbreitung heimischer und invasiver gebietsfremder Flusskrebse in Deutschland–Überblick über die erfolgten Schutzmaßnahmen und den damit verbundenen Erfahrungen–Vernetzung der Akteure im Flusskrebsschutz.			grid national georefrenced map	0	Mihaela C. Ion
WK6762	Pontastacus leptodactylus	52.13817133	8.748637999	low	2019	non-indigenous	introduced		https://kola.opus.hbz-nrw.de/frontdoor/deliver/index/docId/2272/file/Flusskrebse_in_D_MT_Benjamin_Waldmann_2019.pdf	Waldmann, B. (2021). Flusskrebse in Deutschland-Aktueller Stand der Verbreitung heimischer und invasiver gebietsfremder Flusskrebse in Deutschland–Überblick über die erfolgten Schutzmaßnahmen und den damit verbundenen Erfahrungen–Vernetzung der Akteure im Flusskrebsschutz.			grid national georefrenced map	0	Mihaela C. Ion
WK6763	Pontastacus leptodactylus	52.32266381	9.466247799	low	2019	non-indigenous	introduced		https://kola.opus.hbz-nrw.de/frontdoor/deliver/index/docId/2272/file/Flusskrebse_in_D_MT_Benjamin_Waldmann_2019.pdf	Waldmann, B. (2021). Flusskrebse in Deutschland-Aktueller Stand der Verbreitung heimischer und invasiver gebietsfremder Flusskrebse in Deutschland–Überblick über die erfolgten Schutzmaßnahmen und den damit verbundenen Erfahrungen–Vernetzung der Akteure im Flusskrebsschutz.			grid national georefrenced map	0	Mihaela C. Ion
WK6764	Pontastacus leptodactylus	52.32266381	9.771896418	low	2019	non-indigenous	introduced		https://kola.opus.hbz-nrw.de/frontdoor/deliver/index/docId/2272/file/Flusskrebse_in_D_MT_Benjamin_Waldmann_2019.pdf	Waldmann, B. (2021). Flusskrebse in Deutschland-Aktueller Stand der Verbreitung heimischer und invasiver gebietsfremder Flusskrebse in Deutschland–Überblick über die erfolgten Schutzmaßnahmen und den damit verbundenen Erfahrungen–Vernetzung der Akteure im Flusskrebsschutz.			grid national georefrenced map	0	Mihaela C. Ion
WK6765	Pontastacus leptodactylus	50.97602821	13.75861753	low	2019	non-indigenous	introduced		https://kola.opus.hbz-nrw.de/frontdoor/deliver/index/docId/2272/file/Flusskrebse_in_D_MT_Benjamin_Waldmann_2019.pdf	Waldmann, B. (2021). Flusskrebse in Deutschland-Aktueller Stand der Verbreitung heimischer und invasiver gebietsfremder Flusskrebse in Deutschland–Überblick über die erfolgten Schutzmaßnahmen und den damit verbundenen Erfahrungen–Vernetzung der Akteure im Flusskrebsschutz.			grid national georefrenced map	0	Mihaela C. Ion
WK6766	Pontastacus leptodactylus	51.07076197	13.78076598	low	2019	non-indigenous	introduced		https://kola.opus.hbz-nrw.de/frontdoor/deliver/index/docId/2272/file/Flusskrebse_in_D_MT_Benjamin_Waldmann_2019.pdf	Waldmann, B. (2021). Flusskrebse in Deutschland-Aktueller Stand der Verbreitung heimischer und invasiver gebietsfremder Flusskrebse in Deutschland–Überblick über die erfolgten Schutzmaßnahmen und den damit verbundenen Erfahrungen–Vernetzung der Akteure im Flusskrebsschutz.			grid national georefrenced map	0	Mihaela C. Ion
WK6767	Pontastacus leptodactylus	52.85632469	14.08680835	low	2019	non-indigenous	introduced		https://kola.opus.hbz-nrw.de/frontdoor/deliver/index/docId/2272/file/Flusskrebse_in_D_MT_Benjamin_Waldmann_2019.pdf	Waldmann, B. (2021). Flusskrebse in Deutschland-Aktueller Stand der Verbreitung heimischer und invasiver gebietsfremder Flusskrebse in Deutschland–Überblick über die erfolgten Schutzmaßnahmen und den damit verbundenen Erfahrungen–Vernetzung der Akteure im Flusskrebsschutz.			grid national georefrenced map	0	Mihaela C. Ion
WK6768	Pontastacus leptodactylus	52.95663524	13.93560826	low	2019	non-indigenous	introduced		https://kola.opus.hbz-nrw.de/frontdoor/deliver/index/docId/2272/file/Flusskrebse_in_D_MT_Benjamin_Waldmann_2019.pdf	Waldmann, B. (2021). Flusskrebse in Deutschland-Aktueller Stand der Verbreitung heimischer und invasiver gebietsfremder Flusskrebse in Deutschland–Überblick über die erfolgten Schutzmaßnahmen und den damit verbundenen Erfahrungen–Vernetzung der Akteure im Flusskrebsschutz.			grid national georefrenced map	0	Mihaela C. Ion
WK6769	Pontastacus leptodactylus	52.98395237	12.90240765	low	2019	non-indigenous	introduced		https://kola.opus.hbz-nrw.de/frontdoor/deliver/index/docId/2272/file/Flusskrebse_in_D_MT_Benjamin_Waldmann_2019.pdf	Waldmann, B. (2021). Flusskrebse in Deutschland-Aktueller Stand der Verbreitung heimischer und invasiver gebietsfremder Flusskrebse in Deutschland–Überblick über die erfolgten Schutzmaßnahmen und den damit verbundenen Erfahrungen–Vernetzung der Akteure im Flusskrebsschutz.			grid national georefrenced map	0	Mihaela C. Ion
WK6770	Pontastacus leptodactylus	53.58270336	13.86618292	low	2019	non-indigenous	introduced		https://kola.opus.hbz-nrw.de/frontdoor/deliver/index/docId/2272/file/Flusskrebse_in_D_MT_Benjamin_Waldmann_2019.pdf	Waldmann, B. (2021). Flusskrebse in Deutschland-Aktueller Stand der Verbreitung heimischer und invasiver gebietsfremder Flusskrebse in Deutschland–Überblick über die erfolgten Schutzmaßnahmen und den damit verbundenen Erfahrungen–Vernetzung der Akteure im Flusskrebsschutz.			grid national georefrenced map	0	Mihaela C. Ion
WK6771	Pontastacus leptodactylus	53.60749141	13.6584081	low	2019	non-indigenous	introduced		https://kola.opus.hbz-nrw.de/frontdoor/deliver/index/docId/2272/file/Flusskrebse_in_D_MT_Benjamin_Waldmann_2019.pdf	Waldmann, B. (2021). Flusskrebse in Deutschland-Aktueller Stand der Verbreitung heimischer und invasiver gebietsfremder Flusskrebse in Deutschland–Überblick über die erfolgten Schutzmaßnahmen und den damit verbundenen Erfahrungen–Vernetzung der Akteure im Flusskrebsschutz.			grid national georefrenced map	0	Mihaela C. Ion
WK6772	Pontastacus leptodactylus	54.07436377	13.08888776	low	2019	non-indigenous	introduced		https://kola.opus.hbz-nrw.de/frontdoor/deliver/index/docId/2272/file/Flusskrebse_in_D_MT_Benjamin_Waldmann_2019.pdf	Waldmann, B. (2021). Flusskrebse in Deutschland-Aktueller Stand der Verbreitung heimischer und invasiver gebietsfremder Flusskrebse in Deutschland–Überblick über die erfolgten Schutzmaßnahmen und den damit verbundenen Erfahrungen–Vernetzung der Akteure im Flusskrebsschutz.			grid national georefrenced map	0	Mihaela C. Ion
WK6773	Pontastacus leptodactylus	54.28306003	13.11002197	low	2019	non-indigenous	introduced		https://kola.opus.hbz-nrw.de/frontdoor/deliver/index/docId/2272/file/Flusskrebse_in_D_MT_Benjamin_Waldmann_2019.pdf	Waldmann, B. (2021). Flusskrebse in Deutschland-Aktueller Stand der Verbreitung heimischer und invasiver gebietsfremder Flusskrebse in Deutschland–Überblick über die erfolgten Schutzmaßnahmen und den damit verbundenen Erfahrungen–Vernetzung der Akteure im Flusskrebsschutz.			grid national georefrenced map	0	Mihaela C. Ion
WK6774	Pontastacus leptodactylus	54.10392469	12.3177673	low	2019	non-indigenous	introduced		https://kola.opus.hbz-nrw.de/frontdoor/deliver/index/docId/2272/file/Flusskrebse_in_D_MT_Benjamin_Waldmann_2019.pdf	Waldmann, B. (2021). Flusskrebse in Deutschland-Aktueller Stand der Verbreitung heimischer und invasiver gebietsfremder Flusskrebse in Deutschland–Überblick über die erfolgten Schutzmaßnahmen und den damit verbundenen Erfahrungen–Vernetzung der Akteure im Flusskrebsschutz.			grid national georefrenced map	0	Mihaela C. Ion
WK6775	Pontastacus leptodactylus	53.61188236	12.4936732	low	2019	non-indigenous	introduced		https://kola.opus.hbz-nrw.de/frontdoor/deliver/index/docId/2272/file/Flusskrebse_in_D_MT_Benjamin_Waldmann_2019.pdf	Waldmann, B. (2021). Flusskrebse in Deutschland-Aktueller Stand der Verbreitung heimischer und invasiver gebietsfremder Flusskrebse in Deutschland–Überblick über die erfolgten Schutzmaßnahmen und den damit verbundenen Erfahrungen–Vernetzung der Akteure im Flusskrebsschutz.			grid national georefrenced map	0	Mihaela C. Ion
WK6776	Pontastacus leptodactylus	53.64634745	12.3177673	low	2019	non-indigenous	introduced		https://kola.opus.hbz-nrw.de/frontdoor/deliver/index/docId/2272/file/Flusskrebse_in_D_MT_Benjamin_Waldmann_2019.pdf	Waldmann, B. (2021). Flusskrebse in Deutschland-Aktueller Stand der Verbreitung heimischer und invasiver gebietsfremder Flusskrebse in Deutschland–Überblick über die erfolgten Schutzmaßnahmen und den damit verbundenen Erfahrungen–Vernetzung der Akteure im Flusskrebsschutz.			grid national georefrenced map	0	Mihaela C. Ion
WK6777	Pontastacus leptodactylus	53.547643	12.60504747	low	2019	non-indigenous	introduced		https://kola.opus.hbz-nrw.de/frontdoor/deliver/index/docId/2272/file/Flusskrebse_in_D_MT_Benjamin_Waldmann_2019.pdf	Waldmann, B. (2021). Flusskrebse in Deutschland-Aktueller Stand der Verbreitung heimischer und invasiver gebietsfremder Flusskrebse in Deutschland–Überblick über die erfolgten Schutzmaßnahmen und den damit verbundenen Erfahrungen–Vernetzung der Akteure im Flusskrebsschutz.			grid national georefrenced map	0	Mihaela C. Ion
WK6778	Pontastacus leptodactylus	53.44270432	12.90240765	low	2019	non-indigenous	introduced		https://kola.opus.hbz-nrw.de/frontdoor/deliver/index/docId/2272/file/Flusskrebse_in_D_MT_Benjamin_Waldmann_2019.pdf	Waldmann, B. (2021). Flusskrebse in Deutschland-Aktueller Stand der Verbreitung heimischer und invasiver gebietsfremder Flusskrebse in Deutschland–Überblick über die erfolgten Schutzmaßnahmen und den damit verbundenen Erfahrungen–Vernetzung der Akteure im Flusskrebsschutz.			grid national georefrenced map	0	Mihaela C. Ion
WK6779	Pontastacus leptodactylus	53.56824041	10.9605953	low	2019	non-indigenous	introduced		https://kola.opus.hbz-nrw.de/frontdoor/deliver/index/docId/2272/file/Flusskrebse_in_D_MT_Benjamin_Waldmann_2019.pdf	Waldmann, B. (2021). Flusskrebse in Deutschland-Aktueller Stand der Verbreitung heimischer und invasiver gebietsfremder Flusskrebse in Deutschland–Überblick über die erfolgten Schutzmaßnahmen und den damit verbundenen Erfahrungen–Vernetzung der Akteure im Flusskrebsschutz.			grid national georefrenced map	0	Mihaela C. Ion
WK6780	Pontastacus leptodactylus	53.94202818	9.557458466	low	2019	non-indigenous	introduced		https://kola.opus.hbz-nrw.de/frontdoor/deliver/index/docId/2272/file/Flusskrebse_in_D_MT_Benjamin_Waldmann_2019.pdf	Waldmann, B. (2021). Flusskrebse in Deutschland-Aktueller Stand der Verbreitung heimischer und invasiver gebietsfremder Flusskrebse in Deutschland–Überblick über die erfolgten Schutzmaßnahmen und den damit verbundenen Erfahrungen–Vernetzung der Akteure im Flusskrebsschutz.			grid national georefrenced map	0	Mihaela C. Ion
WK6781	Pontastacus leptodactylus	53.94012954	10.32837732	low	2019	non-indigenous	introduced		https://kola.opus.hbz-nrw.de/frontdoor/deliver/index/docId/2272/file/Flusskrebse_in_D_MT_Benjamin_Waldmann_2019.pdf	Waldmann, B. (2021). Flusskrebse in Deutschland-Aktueller Stand der Verbreitung heimischer und invasiver gebietsfremder Flusskrebse in Deutschland–Überblick über die erfolgten Schutzmaßnahmen und den damit verbundenen Erfahrungen–Vernetzung der Akteure im Flusskrebsschutz.			grid national georefrenced map	0	Mihaela C. Ion
WK6782	Pontastacus leptodactylus	54.21641784	10.48320622	low	2019	non-indigenous	introduced		https://kola.opus.hbz-nrw.de/frontdoor/deliver/index/docId/2272/file/Flusskrebse_in_D_MT_Benjamin_Waldmann_2019.pdf	Waldmann, B. (2021). Flusskrebse in Deutschland-Aktueller Stand der Verbreitung heimischer und invasiver gebietsfremder Flusskrebse in Deutschland–Überblick über die erfolgten Schutzmaßnahmen und den damit verbundenen Erfahrungen–Vernetzung der Akteure im Flusskrebsschutz.			grid national georefrenced map	0	Mihaela C. Ion
WK6783	Pontastacus leptodactylus	54.21641784	10.63480951	low	2019	non-indigenous	introduced		https://kola.opus.hbz-nrw.de/frontdoor/deliver/index/docId/2272/file/Flusskrebse_in_D_MT_Benjamin_Waldmann_2019.pdf	Waldmann, B. (2021). Flusskrebse in Deutschland-Aktueller Stand der Verbreitung heimischer und invasiver gebietsfremder Flusskrebse in Deutschland–Überblick über die erfolgten Schutzmaßnahmen und den damit verbundenen Erfahrungen–Vernetzung der Akteure im Flusskrebsschutz.			grid national georefrenced map	0	Mihaela C. Ion
WK6784	Pontastacus leptodactylus	54.304969	10.49288302	low	2019	non-indigenous	introduced		https://kola.opus.hbz-nrw.de/frontdoor/deliver/index/docId/2272/file/Flusskrebse_in_D_MT_Benjamin_Waldmann_2019.pdf	Waldmann, B. (2021). Flusskrebse in Deutschland-Aktueller Stand der Verbreitung heimischer und invasiver gebietsfremder Flusskrebse in Deutschland–Überblick über die erfolgten Schutzmaßnahmen und den damit verbundenen Erfahrungen–Vernetzung der Akteure im Flusskrebsschutz.			grid national georefrenced map	0	Mihaela C. Ion
WK6785	Pontastacus leptodactylus	54.31437815	10.33482853	low	2019	non-indigenous	introduced		https://kola.opus.hbz-nrw.de/frontdoor/deliver/index/docId/2272/file/Flusskrebse_in_D_MT_Benjamin_Waldmann_2019.pdf	Waldmann, B. (2021). Flusskrebse in Deutschland-Aktueller Stand der Verbreitung heimischer und invasiver gebietsfremder Flusskrebse in Deutschland–Überblick über die erfolgten Schutzmaßnahmen und den damit verbundenen Erfahrungen–Vernetzung der Akteure im Flusskrebsschutz.			grid national georefrenced map	0	Mihaela C. Ion
WK6786	Pontastacus leptodactylus	54.51521873	9.531653651	low	2019	non-indigenous	introduced		https://kola.opus.hbz-nrw.de/frontdoor/deliver/index/docId/2272/file/Flusskrebse_in_D_MT_Benjamin_Waldmann_2019.pdf	Waldmann, B. (2021). Flusskrebse in Deutschland-Aktueller Stand der Verbreitung heimischer und invasiver gebietsfremder Flusskrebse in Deutschland–Überblick über die erfolgten Schutzmaßnahmen und den damit verbundenen Erfahrungen–Vernetzung der Akteure im Flusskrebsschutz.			grid national georefrenced map	0	Mihaela C. Ion
WK8484	Pontastacus leptodactylus	44.966395451	18.747410421	low	2009	indigenous	native	10.1051/kmae/2011048		Trožić-Borovac, S. (2011). Freshwater crayfish in Bosnia and Herzegovina: the first report on their distribution. Knowledge and Management of Aquatic Ecosystems, (401), 26.			national georefrenced map	0	Mihaela C. Ion
WK8485	Pontastacus leptodactylus	43.566167631	18.598821704	low	2009	indigenous	native	10.1051/kmae/2011048		Trožić-Borovac, S. (2011). Freshwater crayfish in Bosnia and Herzegovina: the first report on their distribution. Knowledge and Management of Aquatic Ecosystems, (401), 26.			national georefrenced map	0	Mihaela C. Ion
WK8550	Pontastacus leptodactylus	43.85381	18.46514	high	2005	indigenous	native	10.1051/kmae/2011048		Trožić-Borovac, S. (2011). Freshwater crayfish in Bosnia and Herzegovina: the first report on their distribution. Knowledge and Management of Aquatic Ecosystems, (401), 26.				0	Mihaela C. Ion
WK8834	Pontastacus leptodactylus	45.4595063642	15.411445248	low	2010	indigenous	native	10.1051/kmae/2011051		Maguire, I., Jelić, M., & Klobučar, G. (2011). Update on the distribution of freshwater crayfish in Croatia. Knowledge and management of aquatic ecosystems, (401), 31.				0	Mihaela C. Ion
WK8835	Pontastacus leptodactylus	45.4494228236	15.5069639914	low	2010	indigenous	native	10.1051/kmae/2011051		Maguire, I., Jelić, M., & Klobučar, G. (2011). Update on the distribution of freshwater crayfish in Croatia. Knowledge and management of aquatic ecosystems, (401), 31.				0	Mihaela C. Ion
WK8836	Pontastacus leptodactylus	45.4434969365	15.497951697	low	2010	indigenous	native	10.1051/kmae/2011051		Maguire, I., Jelić, M., & Klobučar, G. (2011). Update on the distribution of freshwater crayfish in Croatia. Knowledge and management of aquatic ecosystems, (401), 31.				0	Mihaela C. Ion
WK8837	Pontastacus leptodactylus	45.622071323	15.7231022344	low	2010	indigenous	native	10.1051/kmae/2011051		Maguire, I., Jelić, M., & Klobučar, G. (2011). Update on the distribution of freshwater crayfish in Croatia. Knowledge and management of aquatic ecosystems, (401), 31.				0	Mihaela C. Ion
WK8838	Pontastacus leptodactylus	45.6446137228	16.2312437618	low	2010	indigenous	native	10.1051/kmae/2011051		Maguire, I., Jelić, M., & Klobučar, G. (2011). Update on the distribution of freshwater crayfish in Croatia. Knowledge and management of aquatic ecosystems, (401), 31.				0	Mihaela C. Ion
WK8839	Pontastacus leptodactylus	45.5152147491	16.2066875304	low	2010	indigenous	native	10.1051/kmae/2011051		Maguire, I., Jelić, M., & Klobučar, G. (2011). Update on the distribution of freshwater crayfish in Croatia. Knowledge and management of aquatic ecosystems, (401), 31.				0	Mihaela C. Ion
WK8840	Pontastacus leptodactylus	45.5716763088	16.4951468077	low	2010	indigenous	native	10.1051/kmae/2011051		Maguire, I., Jelić, M., & Klobučar, G. (2011). Update on the distribution of freshwater crayfish in Croatia. Knowledge and management of aquatic ecosystems, (401), 31.				0	Mihaela C. Ion
WK8841	Pontastacus leptodactylus	45.3828257041	16.6886889219	low	2010	indigenous	native	10.1051/kmae/2011051		Maguire, I., Jelić, M., & Klobučar, G. (2011). Update on the distribution of freshwater crayfish in Croatia. Knowledge and management of aquatic ecosystems, (401), 31.				0	Mihaela C. Ion
WK8842	Pontastacus leptodactylus	45.3616358109	16.7927116667	low	2010	indigenous	native	10.1051/kmae/2011051		Maguire, I., Jelić, M., & Klobučar, G. (2011). Update on the distribution of freshwater crayfish in Croatia. Knowledge and management of aquatic ecosystems, (401), 31.				0	Mihaela C. Ion
WK8843	Pontastacus leptodactylus	45.3119350151	16.8226142053	low	2010	indigenous	native	10.1051/kmae/2011051		Maguire, I., Jelić, M., & Klobučar, G. (2011). Update on the distribution of freshwater crayfish in Croatia. Knowledge and management of aquatic ecosystems, (401), 31.				0	Mihaela C. Ion
WK8844	Pontastacus leptodactylus	45.2181740143	16.6426616374	low	2010	indigenous	native	10.1051/kmae/2011051		Maguire, I., Jelić, M., & Klobučar, G. (2011). Update on the distribution of freshwater crayfish in Croatia. Knowledge and management of aquatic ecosystems, (401), 31.				0	Mihaela C. Ion
WK8845	Pontastacus leptodactylus	45.1548902491	17.2455740667	low	2010	indigenous	native	10.1051/kmae/2011051		Maguire, I., Jelić, M., & Klobučar, G. (2011). Update on the distribution of freshwater crayfish in Croatia. Knowledge and management of aquatic ecosystems, (401), 31.				0	Mihaela C. Ion
WK8846	Pontastacus leptodactylus	45.1598435687	18.0165758757	low	2010	indigenous	native	10.1051/kmae/2011051		Maguire, I., Jelić, M., & Klobučar, G. (2011). Update on the distribution of freshwater crayfish in Croatia. Knowledge and management of aquatic ecosystems, (401), 31.				0	Mihaela C. Ion
WK8847	Pontastacus leptodactylus	45.6255381914	18.1016609589	low	2010	indigenous	native	10.1051/kmae/2011051		Maguire, I., Jelić, M., & Klobučar, G. (2011). Update on the distribution of freshwater crayfish in Croatia. Knowledge and management of aquatic ecosystems, (401), 31.				0	Mihaela C. Ion
WK8848	Pontastacus leptodactylus	45.5862907001	18.2511746164	low	2010	indigenous	native	10.1051/kmae/2011051		Maguire, I., Jelić, M., & Klobučar, G. (2011). Update on the distribution of freshwater crayfish in Croatia. Knowledge and management of aquatic ecosystems, (401), 31.				0	Mihaela C. Ion
WK8849	Pontastacus leptodactylus	45.7719554037	18.1847554383	low	2010	indigenous	native	10.1051/kmae/2011051		Maguire, I., Jelić, M., & Klobučar, G. (2011). Update on the distribution of freshwater crayfish in Croatia. Knowledge and management of aquatic ecosystems, (401), 31.				0	Mihaela C. Ion
WK8850	Pontastacus leptodactylus	45.774671149	18.151205298	low	2010	indigenous	native	10.1051/kmae/2011051		Maguire, I., Jelić, M., & Klobučar, G. (2011). Update on the distribution of freshwater crayfish in Croatia. Knowledge and management of aquatic ecosystems, (401), 31.				0	Mihaela C. Ion
WK8851	Pontastacus leptodactylus	45.5681758064	18.6543987388	low	2010	indigenous	native	10.1051/kmae/2011051		Maguire, I., Jelić, M., & Klobučar, G. (2011). Update on the distribution of freshwater crayfish in Croatia. Knowledge and management of aquatic ecosystems, (401), 31.				0	Mihaela C. Ion
WK8852	Pontastacus leptodactylus	45.5384426051	18.7762963862	low	2010	indigenous	native	10.1051/kmae/2011051		Maguire, I., Jelić, M., & Klobučar, G. (2011). Update on the distribution of freshwater crayfish in Croatia. Knowledge and management of aquatic ecosystems, (401), 31.				0	Mihaela C. Ion
WK8853	Pontastacus leptodactylus	45.5379065996	18.9237309589	low	2010	indigenous	native	10.1051/kmae/2011051		Maguire, I., Jelić, M., & Klobučar, G. (2011). Update on the distribution of freshwater crayfish in Croatia. Knowledge and management of aquatic ecosystems, (401), 31.				0	Mihaela C. Ion
WK8854	Pontastacus leptodactylus	45.840615027	18.8465736122	low	2010	indigenous	native	10.1051/kmae/2011051		Maguire, I., Jelić, M., & Klobučar, G. (2011). Update on the distribution of freshwater crayfish in Croatia. Knowledge and management of aquatic ecosystems, (401), 31.				0	Mihaela C. Ion
WK8855	Pontastacus leptodactylus	45.8250177269	18.7944684095	low	2010	indigenous	native	10.1051/kmae/2011051		Maguire, I., Jelić, M., & Klobučar, G. (2011). Update on the distribution of freshwater crayfish in Croatia. Knowledge and management of aquatic ecosystems, (401), 31.				0	Mihaela C. Ion
WK8856	Pontastacus leptodactylus	45.3498131933	18.9967870964	low	2010	indigenous	native	10.1051/kmae/2011051		Maguire, I., Jelić, M., & Klobučar, G. (2011). Update on the distribution of freshwater crayfish in Croatia. Knowledge and management of aquatic ecosystems, (401), 31.				0	Mihaela C. Ion
WK8857	Pontastacus leptodactylus	45.2274327338	19.2763417481	low	2010	indigenous	native	10.1051/kmae/2011051		Maguire, I., Jelić, M., & Klobučar, G. (2011). Update on the distribution of freshwater crayfish in Croatia. Knowledge and management of aquatic ecosystems, (401), 31.				0	Mihaela C. Ion
WK8858	Pontastacus leptodactylus	44.8870342848	18.8137087504	low	2010	indigenous	native	10.1051/kmae/2011051		Maguire, I., Jelić, M., & Klobučar, G. (2011). Update on the distribution of freshwater crayfish in Croatia. Knowledge and management of aquatic ecosystems, (401), 31.				0	Mihaela C. Ion
WK8859	Pontastacus leptodactylus	44.8777784793	18.8303459944	low	2010	indigenous	native	10.1051/kmae/2011051		Maguire, I., Jelić, M., & Klobučar, G. (2011). Update on the distribution of freshwater crayfish in Croatia. Knowledge and management of aquatic ecosystems, (401), 31.				0	Mihaela C. Ion
WK8860	Pontastacus leptodactylus	44.9219359144	18.7795641756	low	2010	indigenous	native	10.1051/kmae/2011051		Maguire, I., Jelić, M., & Klobučar, G. (2011). Update on the distribution of freshwater crayfish in Croatia. Knowledge and management of aquatic ecosystems, (401), 31.				0	Mihaela C. Ion
WK8871	Pontastacus leptodactylus	45.3983140414	15.4350977877	low	2016	indigenous	native	10.1051/kmae/2017053		Maguire, I., Klobučar, G., Žganec, K., Jelić, M., Lucić, A., & Hudina, S. (2018). Recent changes in distribution pattern of freshwater crayfish in Croatia− threats and perspectives. Knowledge & Management of Aquatic Ecosystems, (419), 2.				0	Mihaela C. Ion
WK8872	Pontastacus leptodactylus	45.8895724341	16.7778478546	low	2016	indigenous	native	10.1051/kmae/2017053		Maguire, I., Klobučar, G., Žganec, K., Jelić, M., Lucić, A., & Hudina, S. (2018). Recent changes in distribution pattern of freshwater crayfish in Croatia− threats and perspectives. Knowledge & Management of Aquatic Ecosystems, (419), 2.				0	Mihaela C. Ion
WK8873	Pontastacus leptodactylus	45.2381933191	17.011799021	low	2016	indigenous	native	10.1051/kmae/2017053		Maguire, I., Klobučar, G., Žganec, K., Jelić, M., Lucić, A., & Hudina, S. (2018). Recent changes in distribution pattern of freshwater crayfish in Croatia− threats and perspectives. Knowledge & Management of Aquatic Ecosystems, (419), 2.				0	Mihaela C. Ion
WK8874	Pontastacus leptodactylus	45.7236240111	18.7821008205	low	2016	indigenous	native	10.1051/kmae/2017053		Maguire, I., Klobučar, G., Žganec, K., Jelić, M., Lucić, A., & Hudina, S. (2018). Recent changes in distribution pattern of freshwater crayfish in Croatia− threats and perspectives. Knowledge & Management of Aquatic Ecosystems, (419), 2.				0	Mihaela C. Ion
WK8875	Pontastacus leptodactylus	45.1164388491	18.8689154988	low	2016	indigenous	native	10.1051/kmae/2017053		Maguire, I., Klobučar, G., Žganec, K., Jelić, M., Lucić, A., & Hudina, S. (2018). Recent changes in distribution pattern of freshwater crayfish in Croatia− threats and perspectives. Knowledge & Management of Aquatic Ecosystems, (419), 2.				0	Mihaela C. Ion
